condition,seed,variant,ranking,refit,returned,accepted,strict_correct,rotation_error_deg,translation_error_deg,translation_axis_error_deg,essential_projective_distance,num_inliers,num_trials,consensus_refit_steps,refit_cap_reached,normalized_msac_cost,runtime_ms
well-conditioned,1110000,count-first-no-refit,count-first,False,True,True,True,0.01091696509670953,0.047278622356239294,0.047278622356239294,0.0008238420241085259,72,60,0,False,8.9041362291945,622.632875
well-conditioned,1110000,count-first-refit,count-first,True,True,True,True,0.01146165578465243,0.05093944862628659,0.05093944862628659,0.0009030143237677323,72,60,3,False,8.902890829480278,4377.418792
well-conditioned,1110000,msac-first-no-refit,msac-first,False,True,True,True,0.01096375735720319,0.04720812538642181,0.04720812538642181,0.0008247908019967211,72,60,0,False,8.903952885202923,6739.554583
well-conditioned,1110000,msac-first-refit,msac-first,True,True,True,True,0.01146165578465243,0.05093944862628659,0.05093944862628659,0.0009030143237677323,72,60,3,False,8.902890829480278,7807.495292
well-conditioned,1110000,scale-marginal-first-no-refit,scale-marginal-first,False,True,True,True,0.01091696509670953,0.047278622356239294,0.047278622356239294,0.0008238420241085259,72,60,0,False,8.9041362291945,4638.246875
well-conditioned,1110000,scale-marginal-first-refit,scale-marginal-first,True,True,True,True,0.01146165578465243,0.05093944862628659,0.05093944862628659,0.0009030143237677323,72,60,3,False,8.902890829480278,3208.123167
well-conditioned,1110001,count-first-no-refit,count-first,False,True,True,True,0.015266614839051668,0.053569242035334114,0.053569242035334114,0.00084508251801952,72,60,0,False,8.495916331617401,3269.715958
well-conditioned,1110001,count-first-refit,count-first,True,True,True,True,0.015266614791305035,0.05356924061337749,0.05356924061337749,0.0008450824944087228,72,60,3,False,8.495916331908546,1251.541417
well-conditioned,1110001,msac-first-no-refit,msac-first,False,True,True,True,0.016070269216598165,0.054013431190777214,0.054013431190777214,0.000853351501030703,72,60,0,False,8.49543051062502,871.095875
well-conditioned,1110001,msac-first-refit,msac-first,True,True,True,True,0.016694380019601683,0.05622401862039578,0.05622401862039578,0.0008802544906249417,72,60,3,False,8.495412058288426,633.020334
well-conditioned,1110001,scale-marginal-first-no-refit,scale-marginal-first,False,True,True,True,0.015266614839051668,0.053569242035334114,0.053569242035334114,0.00084508251801952,72,60,0,False,8.495916331617401,767.09925
well-conditioned,1110001,scale-marginal-first-refit,scale-marginal-first,True,True,True,True,0.015266614791305035,0.05356924061337749,0.05356924061337749,0.0008450824944087228,72,60,3,False,8.495916331908546,824.777459
well-conditioned,1110002,count-first-no-refit,count-first,False,True,True,True,0.004184225571102725,0.055843630189275566,0.055843630189275566,0.000941116224974444,72,60,0,False,8.69165152401513,919.403875
well-conditioned,1110002,count-first-refit,count-first,True,True,True,True,0.004184228532653406,0.05584364535691464,0.05584364535691464,0.0009411164617844187,72,60,3,False,8.69165152823559,966.114792
well-conditioned,1110002,msac-first-no-refit,msac-first,False,True,True,True,0.003001779750864634,0.04892328574195164,0.04892328574195164,0.0008334060760427297,72,60,0,False,8.69099290535138,1008.35
well-conditioned,1110002,msac-first-refit,msac-first,True,True,True,True,0.0037596680360720653,0.04798138250067499,0.04798138250067499,0.0008278740511964456,72,60,3,False,8.690496671050681,964.196667
well-conditioned,1110002,scale-marginal-first-no-refit,scale-marginal-first,False,True,True,True,0.004184225571102725,0.055843630189275566,0.055843630189275566,0.000941116224974444,72,60,0,False,8.69165152401513,4670.671167
well-conditioned,1110002,scale-marginal-first-refit,scale-marginal-first,True,True,True,True,0.004184228532653406,0.05584364535691464,0.05584364535691464,0.0009411164617844187,72,60,3,False,8.69165152823559,6389.783208
well-conditioned,1110003,count-first-no-refit,count-first,False,True,True,True,0.011538816073806258,0.029368766210707616,0.029368766210707616,0.000496427571973183,72,60,0,False,8.329470210369491,7401.531083
well-conditioned,1110003,count-first-refit,count-first,True,True,True,True,0.011672816604399082,0.029010959070582976,0.029010959070582976,0.0004862980520982125,72,60,3,False,8.329617487092102,4646.263083
well-conditioned,1110003,msac-first-no-refit,msac-first,False,True,True,True,0.011524919796407905,0.030612612690238423,0.030612612690238423,0.000521175810439088,72,60,0,False,8.329335493580334,3033.64425
well-conditioned,1110003,msac-first-refit,msac-first,True,True,True,True,0.011538816263322088,0.029368766843614735,0.029368766843614735,0.0004964275813745695,72,60,3,False,8.32947021029452,2919.971334
well-conditioned,1110003,scale-marginal-first-no-refit,scale-marginal-first,False,True,True,True,0.011538816073806258,0.029368766210707616,0.029368766210707616,0.000496427571973183,72,60,0,False,8.329470210369491,2209.216208
well-conditioned,1110003,scale-marginal-first-refit,scale-marginal-first,True,True,True,True,0.011672816604399082,0.029010959070582976,0.029010959070582976,0.0004862980520982125,72,60,3,False,8.329617487092102,1297.37675
well-conditioned,1110004,count-first-no-refit,count-first,False,True,True,True,0.01734123797972752,0.028491201011365343,0.028491201011365343,0.0005082213693982883,72,60,0,False,8.412426717596286,931.896125
well-conditioned,1110004,count-first-refit,count-first,True,True,True,True,0.017668145422395132,0.026234094000715986,0.026234094000715986,0.0004715067605061949,72,60,4,False,8.412011320246776,1033.186584
well-conditioned,1110004,msac-first-no-refit,msac-first,False,True,True,True,0.0167369316508251,0.024767818734187336,0.024767818734187336,0.0004594970161699411,72,60,0,False,8.411746986113737,902.847
well-conditioned,1110004,msac-first-refit,msac-first,True,True,True,True,0.016736932696076796,0.024767837805148508,0.024767837805148508,0.0004594972665966964,72,60,4,False,8.411746987086968,664.101625
well-conditioned,1110004,scale-marginal-first-no-refit,scale-marginal-first,False,True,True,True,0.01734123797972752,0.028491201011365343,0.028491201011365343,0.0005082213693982883,72,60,0,False,8.412426717596286,823.569084
well-conditioned,1110004,scale-marginal-first-refit,scale-marginal-first,True,True,True,True,0.017668145422395132,0.026234094000715986,0.026234094000715986,0.0004715067605061949,72,60,4,False,8.412011320246776,1098.843083
well-conditioned,1110005,count-first-no-refit,count-first,False,True,True,True,0.008493396025875151,0.038560682233895374,0.038560682233895374,0.0006815962654212868,72,60,0,False,8.405959008359197,3573.434708
well-conditioned,1110005,count-first-refit,count-first,True,True,True,True,0.008976263243313349,0.03715646117813723,0.03715646117813723,0.0006667863858096566,72,60,3,False,8.406214434294702,6965.637833
well-conditioned,1110005,msac-first-no-refit,msac-first,False,True,True,True,0.00862821096361287,0.040659620596901834,0.040659620596901834,0.0007262051104491813,72,60,0,False,8.40589002715487,6532.078125
well-conditioned,1110005,msac-first-refit,msac-first,True,True,True,True,0.008494526326506097,0.03856345524029485,0.03856345524029485,0.0006816720973155826,72,60,3,False,8.405958778738553,5469.811792
well-conditioned,1110005,scale-marginal-first-no-refit,scale-marginal-first,False,True,True,True,0.008493396025875151,0.038560682233895374,0.038560682233895374,0.0006815962654212868,72,60,0,False,8.405959008359197,3135.026792
well-conditioned,1110005,scale-marginal-first-refit,scale-marginal-first,True,True,True,True,0.008976263243313349,0.03715646117813723,0.03715646117813723,0.0006667863858096566,72,60,3,False,8.406214434294702,2441.771583
well-conditioned,1110006,count-first-no-refit,count-first,False,True,True,True,0.016315627212553516,0.07245447439781166,0.07245447439781166,0.0011371788142545895,72,60,0,False,8.436233522877746,2517.842916
well-conditioned,1110006,count-first-refit,count-first,True,True,True,True,0.01666774463239695,0.07635587728049155,0.07635587728049155,0.0012122908837827854,72,60,2,False,8.434714516000458,1009.865792
well-conditioned,1110006,msac-first-no-refit,msac-first,False,True,True,True,0.01666774305801109,0.0763558715526049,0.0763558715526049,0.0012122907774203718,72,60,0,False,8.434714517240884,732.164041
well-conditioned,1110006,msac-first-refit,msac-first,True,True,True,True,0.017115391047091803,0.07849329218488325,0.07849329218488325,0.0012494305024449677,72,60,2,False,8.43455090761282,596.468209
well-conditioned,1110006,scale-marginal-first-no-refit,scale-marginal-first,False,True,True,True,0.016315627212553516,0.07245447439781166,0.07245447439781166,0.0011371788142545895,72,60,0,False,8.436233522877746,747.325208
well-conditioned,1110006,scale-marginal-first-refit,scale-marginal-first,True,True,True,True,0.01666774463239695,0.07635587728049155,0.07635587728049155,0.0012122908837827854,72,60,2,False,8.434714516000458,910.823333
well-conditioned,1110007,count-first-no-refit,count-first,False,True,True,True,0.02827393656232796,0.04109432824015407,0.04109432824015407,0.0005728833774348308,72,60,0,False,8.456095844577742,849.676458
well-conditioned,1110007,count-first-refit,count-first,True,True,True,True,0.023118618214017183,0.04324725792050988,0.04324725792050988,0.000659169249199637,72,60,4,False,8.463019395261199,786.543375
well-conditioned,1110007,msac-first-no-refit,msac-first,False,True,True,True,0.02827393656232796,0.04109432824015407,0.04109432824015407,0.0005728833774348308,72,60,0,False,8.456095844577742,609.297208
well-conditioned,1110007,msac-first-refit,msac-first,True,True,True,True,0.02824621183115462,0.04123814271504577,0.04123814271504577,0.000574588672554016,72,60,3,False,8.4561017044037,704.701166
well-conditioned,1110007,scale-marginal-first-no-refit,scale-marginal-first,False,True,True,True,0.02827393656232796,0.04109432824015407,0.04109432824015407,0.0005728833774348308,72,60,0,False,8.456095844577742,723.470584
well-conditioned,1110007,scale-marginal-first-refit,scale-marginal-first,True,True,True,True,0.023495643887065557,0.043150923243174176,0.043150923243174176,0.0006574504160566768,72,60,3,False,8.462626519302336,1645.954334
well-conditioned,1110008,count-first-no-refit,count-first,False,True,True,True,0.0029595994180698776,0.03149914542280499,0.03149914542280499,0.0005613748553236234,72,60,0,False,8.463918739601574,6846.020375
well-conditioned,1110008,count-first-refit,count-first,True,True,True,True,0.002836367380119028,0.028285687715446498,0.028285687715446498,0.0005021817859765109,72,60,2,False,8.462421543670391,7759.380083
well-conditioned,1110008,msac-first-no-refit,msac-first,False,True,True,True,0.0028363671231250017,0.02828568477763694,0.02828568477763694,0.0005021817363811936,72,60,0,False,8.462421544652228,5931.980458
well-conditioned,1110008,msac-first-refit,msac-first,True,True,True,True,0.00319187659575378,0.0245963289637466,0.0245963289637466,0.00043086332676050307,72,60,2,False,8.461981676609675,3426.834
well-conditioned,1110008,scale-marginal-first-no-refit,scale-marginal-first,False,True,True,True,0.0029595994180698776,0.03149914542280499,0.03149914542280499,0.0005613748553236234,72,60,0,False,8.463918739601574,3272.047584
well-conditioned,1110008,scale-marginal-first-refit,scale-marginal-first,True,True,True,True,0.002836367380119028,0.028285687715446498,0.028285687715446498,0.0005021817859765109,72,60,2,False,8.462421543670391,2176.683209
well-conditioned,1110009,count-first-no-refit,count-first,False,True,True,True,0.02279061003539884,0.08549306580757125,0.08549306580757125,0.0014250326799985255,72,60,0,False,8.54684584290801,879.193584
well-conditioned,1110009,count-first-refit,count-first,True,True,True,True,0.022879727013227578,0.087679086062624,0.087679086062624,0.0014593852825309258,72,60,2,False,8.547801819223007,697.013333
well-conditioned,1110009,msac-first-no-refit,msac-first,False,True,True,True,0.022990065629305514,0.0859619287559874,0.0859619287559874,0.0014352738066038852,72,60,0,False,8.54673193350671,944.058166
well-conditioned,1110009,msac-first-refit,msac-first,True,True,True,True,0.02279061003539884,0.08549306801585319,0.08549306801585319,0.0014250327196239179,72,60,2,False,8.54684584303792,658.147125
well-conditioned,1110009,scale-marginal-first-no-refit,scale-marginal-first,False,True,True,True,0.02279061003539884,0.08549306580757125,0.08549306580757125,0.0014250326799985255,72,60,0,False,8.54684584290801,639.910333
well-conditioned,1110009,scale-marginal-first-refit,scale-marginal-first,True,True,True,True,0.022879727013227578,0.087679086062624,0.087679086062624,0.0014593852825309258,72,60,2,False,8.547801819223007,789.681709
well-conditioned,1110010,count-first-no-refit,count-first,False,True,True,True,0.03237631964496779,0.00887623545697728,0.00887623545697728,0.0003325042142012705,72,60,0,False,8.685244388381108,707.870292
well-conditioned,1110010,count-first-refit,count-first,True,True,True,True,0.03237632612907935,0.008876224083147363,0.008876224083147363,0.0003325043806604378,72,60,2,False,8.685244391833184,845.29825
well-conditioned,1110010,msac-first-no-refit,msac-first,False,True,True,True,0.030766965706610718,0.012585929012449726,0.012585929012449726,0.00030044936994978505,72,60,0,False,8.684691491547124,848.313875
well-conditioned,1110010,msac-first-refit,msac-first,True,True,True,True,0.03227095175104743,0.009856118998102768,0.009856118998102768,0.00032501753152911487,72,60,2,False,8.685199198908915,672.694583
well-conditioned,1110010,scale-marginal-first-no-refit,scale-marginal-first,False,True,True,True,0.03237631964496779,0.00887623545697728,0.00887623545697728,0.0003325042142012705,72,60,0,False,8.685244388381108,2602.561541
well-conditioned,1110010,scale-marginal-first-refit,scale-marginal-first,True,True,True,True,0.03237632612907935,0.008876224083147363,0.008876224083147363,0.0003325043806604378,72,60,2,False,8.685244391833184,6912.118083
well-conditioned,1110011,count-first-no-refit,count-first,False,True,True,True,0.027464560842725944,0.04235436536428065,0.04235436536428065,0.0005766690713089029,72,60,0,False,8.412020910861695,7073.977
well-conditioned,1110011,count-first-refit,count-first,True,True,True,True,0.026423500991816385,0.045235126537060605,0.045235126537060605,0.0006368415430456943,72,60,3,False,8.409739241402148,5589.791334
well-conditioned,1110011,msac-first-no-refit,msac-first,False,True,True,True,0.026423500964229976,0.04523512598111945,0.04523512598111945,0.0006368415298213095,72,60,0,False,8.409739241553055,3351.013583
well-conditioned,1110011,msac-first-refit,msac-first,True,True,True,True,0.02703355992057806,0.04624360642715171,0.04624360642715171,0.0006512479883032677,72,60,3,False,8.409572188530804,3564.090084
well-conditioned,1110011,scale-marginal-first-no-refit,scale-marginal-first,False,True,True,True,0.027464560842725944,0.04235436536428065,0.04235436536428065,0.0005766690713089029,72,60,0,False,8.412020910861695,2312.192709
well-conditioned,1110011,scale-marginal-first-refit,scale-marginal-first,True,True,True,True,0.026423500991816385,0.045235126537060605,0.045235126537060605,0.0006368415430456943,72,60,3,False,8.409739241402148,1011.985166
well-conditioned,1110012,count-first-no-refit,count-first,False,True,True,True,0.018603300981001263,0.022133939055295575,0.022133939055295575,0.00042052200829857667,72,60,0,False,8.508835286722448,652.680834
well-conditioned,1110012,count-first-refit,count-first,True,True,True,True,0.019092870865436203,0.019175337560751442,0.019175337560751442,0.0003620029785536479,72,60,3,False,8.507903009809548,698.61625
well-conditioned,1110012,msac-first-no-refit,msac-first,False,True,True,True,0.019092871018148584,0.019175344954454464,0.019175344954454464,0.000362003035185673,72,60,0,False,8.507903011076014,769.730125
well-conditioned,1110012,msac-first-refit,msac-first,True,True,True,True,0.020161421707777898,0.02205195929549449,0.02205195929549449,0.00042567322628479,72,60,3,False,8.50749652221139,630.71775
well-conditioned,1110012,scale-marginal-first-no-refit,scale-marginal-first,False,True,True,True,0.018603300981001263,0.022133939055295575,0.022133939055295575,0.00042052200829857667,72,60,0,False,8.508835286722448,604.313833
well-conditioned,1110012,scale-marginal-first-refit,scale-marginal-first,True,True,True,True,0.019092870865436203,0.019175337560751442,0.019175337560751442,0.0003620029785536479,72,60,3,False,8.507903009809548,647.515875
well-conditioned,1110013,count-first-no-refit,count-first,False,True,True,True,0.01724917049373942,0.008534808421169673,0.008534808421169673,0.0001764050373329451,72,60,0,False,8.441739378564485,659.920875
well-conditioned,1110013,count-first-refit,count-first,True,True,True,True,0.017275225390092692,0.009851057853411928,0.009851057853411928,0.00017851531160901587,72,60,2,False,8.44155262367291,794.292209
well-conditioned,1110013,msac-first-no-refit,msac-first,False,True,True,True,0.017275225136922232,0.009851041759477078,0.009851041759477078,0.00017851529480526605,72,60,0,False,8.441552625000233,663.37625
well-conditioned,1110013,msac-first-refit,msac-first,True,True,True,True,0.017136818360375488,0.010295572445206508,0.010295572445206508,0.00017732127276862976,72,60,2,False,8.441523396690354,772.891875
well-conditioned,1110013,scale-marginal-first-no-refit,scale-marginal-first,False,True,True,True,0.01724917049373942,0.008534808421169673,0.008534808421169673,0.0001764050373329451,72,60,0,False,8.441739378564485,760.12225
well-conditioned,1110013,scale-marginal-first-refit,scale-marginal-first,True,True,True,True,0.017275225390092692,0.009851057853411928,0.009851057853411928,0.00017851531160901587,72,60,2,False,8.44155262367291,5010.356
well-conditioned,1110014,count-first-no-refit,count-first,False,True,True,True,0.012268782396372278,0.02458542339370992,0.02458542339370992,0.00035727247060247355,72,60,0,False,8.410305529552007,8058.637792
well-conditioned,1110014,count-first-refit,count-first,True,True,True,True,0.012268780673385049,0.02458541658929855,0.02458541658929855,0.0003572723724935443,72,60,2,False,8.410305530158674,7855.708833
well-conditioned,1110014,msac-first-no-refit,msac-first,False,True,True,True,0.013758106732839472,0.023703281806791276,0.023703281806791276,0.0003577060015657494,72,60,0,False,8.410137423641254,2843.687167
well-conditioned,1110014,msac-first-refit,msac-first,True,True,True,True,0.012117710773916974,0.02418234181591435,0.02418234181591435,0.0003521115531178031,72,60,2,False,8.410284250823,2523.953541
well-conditioned,1110014,scale-marginal-first-no-refit,scale-marginal-first,False,True,True,True,0.012268782396372278,0.02458542339370992,0.02458542339370992,0.00035727247060247355,72,60,0,False,8.410305529552007,3201.446167
well-conditioned,1110014,scale-marginal-first-refit,scale-marginal-first,True,True,True,True,0.012268780673385049,0.02458541658929855,0.02458541658929855,0.0003572723724935443,72,60,2,False,8.410305530158674,1853.474541
well-conditioned,1110015,count-first-no-refit,count-first,False,True,True,True,0.007760927181085213,0.00822249032166749,0.00822249032166749,0.00019842471901855796,72,60,0,False,8.468649431156482,820.254125
well-conditioned,1110015,count-first-refit,count-first,True,True,True,True,0.007190366288666194,0.008023851537211486,0.008023851537211486,0.000191826164874742,72,60,3,False,8.467453138648782,633.858583
well-conditioned,1110015,msac-first-no-refit,msac-first,False,True,True,True,0.00719036709967289,0.008023852082283447,0.008023852082283447,0.00019182617835374128,72,60,0,False,8.467453140532612,618.446458
well-conditioned,1110015,msac-first-refit,msac-first,True,True,True,True,0.007090802574550724,0.007652283084954696,0.007652283084954696,0.00018626112549023898,72,60,3,False,8.467275999194182,634.885666
well-conditioned,1110015,scale-marginal-first-no-refit,scale-marginal-first,False,True,True,True,0.007760927181085213,0.00822249032166749,0.00822249032166749,0.00019842471901855796,72,60,0,False,8.468649431156482,849.755833
well-conditioned,1110015,scale-marginal-first-refit,scale-marginal-first,True,True,True,True,0.007190366288666194,0.008023851537211486,0.008023851537211486,0.000191826164874742,72,60,3,False,8.467453138648782,745.759583
well-conditioned,1110016,count-first-no-refit,count-first,False,True,True,True,0.008236305652279327,0.0477524073979017,0.0477524073979017,0.00084260409010718,72,60,0,False,8.567561066746988,681.918375
well-conditioned,1110016,count-first-refit,count-first,True,True,True,True,0.00942231203807814,0.04811138512345395,0.04811138512345395,0.0008372841895681692,72,60,2,False,8.568026693802189,760.342667
well-conditioned,1110016,msac-first-no-refit,msac-first,False,True,True,True,0.00818952214542968,0.04698726986935844,0.04698726986935844,0.000830319702415878,72,60,0,False,8.567461304617575,658.9255
well-conditioned,1110016,msac-first-refit,msac-first,True,True,True,True,0.00818952125535396,0.046987269807305075,0.046987269807305075,0.0008303196991596668,72,60,2,False,8.567461303466988,628.556125
well-conditioned,1110016,scale-marginal-first-no-refit,scale-marginal-first,False,True,True,True,0.008236305652279327,0.0477524073979017,0.0477524073979017,0.00084260409010718,72,60,0,False,8.567561066746988,628.686333
well-conditioned,1110016,scale-marginal-first-refit,scale-marginal-first,True,True,True,True,0.00942231203807814,0.04811138512345395,0.04811138512345395,0.0008372841895681692,72,60,2,False,8.568026693802189,608.391708
well-conditioned,1110017,count-first-no-refit,count-first,False,True,True,True,0.01707565535330286,0.019329450696833613,0.019329450696833613,0.00029244254606535235,72,60,0,False,8.408330830838146,656.749792
well-conditioned,1110017,count-first-refit,count-first,True,True,True,True,0.01756601097226314,0.018209414723195802,0.018209414723195802,0.0003154591213848603,72,60,2,False,8.409005009889297,646.581584
well-conditioned,1110017,msac-first-no-refit,msac-first,False,True,True,True,0.016955184603089486,0.019693600976451616,0.019693600976451616,0.00029035633017513677,72,60,0,False,8.408305188599119,3850.051792
well-conditioned,1110017,msac-first-refit,msac-first,True,True,True,True,0.01707565586556158,0.019329447774244772,0.019329447774244772,0.00029244254088393217,72,60,2,False,8.40833083106256,7584.576166
well-conditioned,1110017,scale-marginal-first-no-refit,scale-marginal-first,False,True,True,True,0.01707565535330286,0.019329450696833613,0.019329450696833613,0.00029244254606535235,72,60,0,False,8.408330830838146,7612.639708
well-conditioned,1110017,scale-marginal-first-refit,scale-marginal-first,True,True,True,True,0.01756601097226314,0.018209414723195802,0.018209414723195802,0.0003154591213848603,72,60,2,False,8.409005009889297,4691.744333
well-conditioned,1110018,count-first-no-refit,count-first,False,True,True,True,0.057637750312274236,0.4253686758715301,0.4253686758715301,0.00792824838546499,73,60,0,False,9.392505180641765,3493.0465
well-conditioned,1110018,count-first-refit,count-first,True,True,True,True,0.03691387095941808,0.38776054176953006,0.38776054176953006,0.007074908006051148,73,60,2,False,9.37696292575522,3723.632125
well-conditioned,1110018,msac-first-no-refit,msac-first,False,True,True,True,0.012039597038238816,0.05921409629587176,0.05921409629587176,0.0011187291937910554,72,60,0,False,8.433791734118811,1208.389333
well-conditioned,1110018,msac-first-refit,msac-first,True,True,True,True,0.012005249372394925,0.05620762912298141,0.05620762912298141,0.0010692647859822213,72,60,3,False,8.434093754112315,846.031959
well-conditioned,1110018,scale-marginal-first-no-refit,scale-marginal-first,False,True,True,True,0.011999988925590966,0.0565449181231164,0.0565449181231164,0.0010743003432352569,72,60,0,False,8.434097847145242,662.349166
well-conditioned,1110018,scale-marginal-first-refit,scale-marginal-first,True,True,True,True,0.01199856615188969,0.05653854439398332,0.05653854439398332,0.0010741747157593368,72,60,3,False,8.434097867828209,630.8665
well-conditioned,1110019,count-first-no-refit,count-first,False,True,True,True,0.01944279480539672,0.06462973920367462,0.06462973920367462,0.0009898144147934033,72,60,0,False,8.47777205078426,623.767416
well-conditioned,1110019,count-first-refit,count-first,True,True,True,True,0.019443769583961282,0.06462708139310568,0.06462708139310568,0.0009897625715130367,72,60,3,False,8.477772067767361,614.592291
well-conditioned,1110019,msac-first-no-refit,msac-first,False,True,True,True,0.019348800596906166,0.06428692203173751,0.06428692203173751,0.0009846893308882861,72,60,0,False,8.47775937064749,620.694792
well-conditioned,1110019,msac-first-refit,msac-first,True,True,True,True,0.019480953359309515,0.06455307903817395,0.06455307903817395,0.0009882665733519308,72,60,3,False,8.477771886979745,626.475375
well-conditioned,1110019,scale-marginal-first-no-refit,scale-marginal-first,False,True,True,True,0.01944279480539672,0.06462973920367462,0.06462973920367462,0.0009898144147934033,72,60,0,False,8.47777205078426,650.561125
well-conditioned,1110019,scale-marginal-first-refit,scale-marginal-first,True,True,True,True,0.019443769583961282,0.06462708139310568,0.06462708139310568,0.0009897625715130367,72,60,3,False,8.477772067767361,623.572125
sub-meter-mixed-depth,1120000,count-first-no-refit,count-first,False,True,False,True,0.012897696353190076,0.04088158345914497,0.04088158345914497,0.0006492365801376242,130,60,0,False,10.473732920822675,668.801834
sub-meter-mixed-depth,1120000,count-first-refit,count-first,True,True,False,True,0.013534177139355707,0.369592341090863,0.369592341090863,0.006461643261167397,129,60,7,False,10.872009235386098,761.338959
sub-meter-mixed-depth,1120000,msac-first-no-refit,msac-first,False,True,False,True,0.010608688883701216,0.13348665279270525,0.13348665279270525,0.0023058221323798552,129,60,0,False,10.451863127701388,747.917583
sub-meter-mixed-depth,1120000,msac-first-refit,msac-first,True,True,False,True,0.01023327067604871,0.14163215403526652,0.14163215403526652,0.0024480573523588517,129,60,7,False,10.451796756118426,1612.429792
sub-meter-mixed-depth,1120000,scale-marginal-first-no-refit,scale-marginal-first,False,True,False,True,0.010554736306981451,0.14074175658237315,0.14074175658237315,0.002431596768398914,129,60,0,False,10.452037944909634,6924.384042
sub-meter-mixed-depth,1120000,scale-marginal-first-refit,scale-marginal-first,True,True,False,True,0.009393032507153343,0.14236444376701685,0.14236444376701685,0.0024604141093412736,129,60,7,False,10.452613876385435,8162.219459
sub-meter-mixed-depth,1120001,count-first-no-refit,count-first,False,True,False,True,0.0281635853306606,1.0277112681892708,1.0277112681892708,0.01793003801217575,128,60,0,False,10.607371621757839,6381.1475
sub-meter-mixed-depth,1120001,count-first-refit,count-first,True,True,False,True,0.02141673684386029,0.13186457139307078,0.13186457139307078,0.002465738075673997,128,60,6,False,9.591369139395347,3845.625792
sub-meter-mixed-depth,1120001,msac-first-no-refit,msac-first,False,True,False,True,0.02165801027202595,0.16670702177756408,0.16670702177756408,0.003070713159755266,127,60,0,False,9.559142657961182,2353.227291
sub-meter-mixed-depth,1120001,msac-first-refit,msac-first,True,True,False,True,0.02157283213242245,0.17302585515073876,0.17302585515073876,0.003179794190185783,127,60,7,False,9.55915905667537,2585.147708
sub-meter-mixed-depth,1120001,scale-marginal-first-no-refit,scale-marginal-first,False,True,False,True,0.021572803310187256,0.17303508932285633,0.17303508932285633,0.003179953173651534,127,60,0,False,9.559159118921707,1114.710125
sub-meter-mixed-depth,1120001,scale-marginal-first-refit,scale-marginal-first,True,True,False,True,0.02141673684386029,0.13186457139307078,0.13186457139307078,0.002465738075673997,128,60,6,False,9.591369139395347,846.0505
sub-meter-mixed-depth,1120002,count-first-no-refit,count-first,False,True,False,True,0.00835451013834317,0.13908796940121296,0.13908796940121296,0.002360547538104311,130,60,0,False,9.632270845489314,843.439083
sub-meter-mixed-depth,1120002,count-first-refit,count-first,True,True,False,True,0.009099300678088822,0.12717239931630042,0.12717239931630042,0.0021445112820830054,130,60,6,False,9.628649530902477,747.809042
sub-meter-mixed-depth,1120002,msac-first-no-refit,msac-first,False,True,False,True,0.009099293147906192,0.12717235211184041,0.12717235211184041,0.0021445105172970013,130,60,0,False,9.628649538573654,809.043292
sub-meter-mixed-depth,1120002,msac-first-refit,msac-first,True,True,False,True,0.011138198352122517,0.13056488001451114,0.13056488001451114,0.002188758287534745,130,60,6,False,9.62797833365397,1671.571959
sub-meter-mixed-depth,1120002,scale-marginal-first-no-refit,scale-marginal-first,False,True,False,True,0.00835451013834317,0.13908796940121296,0.13908796940121296,0.002360547538104311,130,60,0,False,9.632270845489314,997.478125
sub-meter-mixed-depth,1120002,scale-marginal-first-refit,scale-marginal-first,True,True,False,True,0.009099300678088822,0.12717239931630042,0.12717239931630042,0.0021445112820830054,130,60,6,False,9.628649530902477,806.759125
sub-meter-mixed-depth,1120003,count-first-no-refit,count-first,False,True,False,True,0.03928987738497076,0.5768072473280995,0.5768072473280995,0.010270720648618961,132,60,0,False,11.134090895143705,867.567583
sub-meter-mixed-depth,1120003,count-first-refit,count-first,True,True,False,True,0.03928987738497076,0.5768072473280995,0.5768072473280995,0.010270720648618961,132,60,4,False,11.134090895143705,6992.533833
sub-meter-mixed-depth,1120003,msac-first-no-refit,msac-first,False,True,False,True,0.00920085379276724,0.3083612685127978,0.3083612685127978,0.005450299693568492,131,60,0,False,9.228461693368956,8330.2805
sub-meter-mixed-depth,1120003,msac-first-refit,msac-first,True,True,False,True,0.009067049281351696,0.30603713844035013,0.30603713844035013,0.00541085838527639,131,60,4,False,9.228190082003426,7051.748166
sub-meter-mixed-depth,1120003,scale-marginal-first-no-refit,scale-marginal-first,False,True,False,True,0.010430754229303332,0.2684012890338809,0.2684012890338809,0.004759450344534724,131,60,0,False,9.231948921511801,3619.218708
sub-meter-mixed-depth,1120003,scale-marginal-first-refit,scale-marginal-first,True,True,False,True,0.009200943870138041,0.30835568414863057,0.30835568414863057,0.005450204069568666,131,60,4,False,9.228461474299461,3554.918
sub-meter-mixed-depth,1120004,count-first-no-refit,count-first,False,True,False,True,0.008856539684155952,1.291135976512292,1.291135976512292,0.022520212279385422,126,60,0,False,12.340965796218319,2123.217291
sub-meter-mixed-depth,1120004,count-first-refit,count-first,True,True,False,True,0.010890537057485477,0.19260362198618042,0.19260362198618042,0.0032691622425286486,126,60,6,False,9.945837451879068,999.733958
sub-meter-mixed-depth,1120004,msac-first-no-refit,msac-first,False,True,False,True,0.004210197734955097,0.12276645706090394,0.12276645706090394,0.0021448638626927682,124,60,0,False,9.952427770681577,786.866542
sub-meter-mixed-depth,1120004,msac-first-refit,msac-first,True,True,False,True,0.004297427053811367,0.14180422269381673,0.14180422269381673,0.0024536384527685307,125,60,7,False,9.94197175079599,776.570083
sub-meter-mixed-depth,1120004,scale-marginal-first-no-refit,scale-marginal-first,False,True,False,True,0.0038702643309553525,0.22934911242668848,0.22934911242668848,0.003984250666671194,125,60,0,False,10.0280967126224,729.11
sub-meter-mixed-depth,1120004,scale-marginal-first-refit,scale-marginal-first,True,True,False,True,0.010890537057485477,0.19260362198618042,0.19260362198618042,0.0032691622425286486,126,60,6,False,9.945837451879068,720.149292
sub-meter-mixed-depth,1120005,count-first-no-refit,count-first,False,True,False,True,0.005606593010133128,0.47763486849717085,0.47763486849717085,0.008314349331358727,132,60,0,False,9.847769714547697,1028.276167
sub-meter-mixed-depth,1120005,count-first-refit,count-first,True,True,False,True,0.005514837183330941,0.25445822254341893,0.25445822254341893,0.004422932913478098,132,60,6,False,9.818272401772605,815.335625
sub-meter-mixed-depth,1120005,msac-first-no-refit,msac-first,False,True,False,True,0.008555882075759412,0.30435065045507076,0.30435065045507076,0.005273542982733124,131,60,0,False,9.820276686608473,812.598583
sub-meter-mixed-depth,1120005,msac-first-refit,msac-first,True,True,False,True,0.005514837183330941,0.25445822254341893,0.25445822254341893,0.004422932913478098,132,60,6,False,9.818272401772605,794.199917
sub-meter-mixed-depth,1120005,scale-marginal-first-no-refit,scale-marginal-first,False,True,False,True,0.008333081324572047,0.22938994792062545,0.22938994792062545,0.003971371419172643,131,60,0,False,9.826581936179494,989.144625
sub-meter-mixed-depth,1120005,scale-marginal-first-refit,scale-marginal-first,True,True,False,True,0.005514837183330941,0.25445822254341893,0.25445822254341893,0.004422932913478098,132,60,6,False,9.818272401772605,5765.921792
sub-meter-mixed-depth,1120006,count-first-no-refit,count-first,False,True,False,True,0.013589019176194104,0.3144954404401325,0.3144954404401325,0.005546080561032008,133,60,0,False,9.647490769256681,7630.090708
sub-meter-mixed-depth,1120006,count-first-refit,count-first,True,True,False,True,0.013589019551681543,0.31449551611235654,0.31449551611235654,0.005546081879170261,133,60,4,False,9.64749077742565,8765.211125
sub-meter-mixed-depth,1120006,msac-first-no-refit,msac-first,False,True,False,True,0.01333217587895433,0.2788223816532404,0.2788223816532404,0.004916368221951304,133,60,0,False,9.645728984452955,3043.093917
sub-meter-mixed-depth,1120006,msac-first-refit,msac-first,True,True,False,True,0.011103545259112155,0.29962588059919876,0.29962588059919876,0.0052731802112431095,133,60,4,False,9.640541210920347,3621.777667
sub-meter-mixed-depth,1120006,scale-marginal-first-no-refit,scale-marginal-first,False,True,False,True,0.013589019176194104,0.3144954404401325,0.3144954404401325,0.005546080561032008,133,60,0,False,9.647490769256681,2788.720625
sub-meter-mixed-depth,1120006,scale-marginal-first-refit,scale-marginal-first,True,True,False,True,0.013589019551681543,0.31449551611235654,0.31449551611235654,0.005546081879170261,133,60,4,False,9.64749077742565,1245.12925
sub-meter-mixed-depth,1120007,count-first-no-refit,count-first,False,True,False,True,0.01940314669538935,1.2326389170849033,1.2326389170849033,0.021356249156519173,129,60,0,False,12.389624845377519,991.804875
sub-meter-mixed-depth,1120007,count-first-refit,count-first,True,True,False,True,0.017680083967080835,0.1772527171682735,0.1772527171682735,0.0029530457912814185,128,60,4,False,10.10301061304191,808.016292
sub-meter-mixed-depth,1120007,msac-first-no-refit,msac-first,False,True,False,True,0.01641598980385005,0.1866707592959686,0.1866707592959686,0.0031279251544970286,128,60,0,False,10.100658838255939,1085.765375
sub-meter-mixed-depth,1120007,msac-first-refit,msac-first,True,True,False,True,0.016772159801987308,0.16725329971881323,0.16725329971881323,0.0027849053700304697,128,60,4,False,10.101239963623375,986.263833
sub-meter-mixed-depth,1120007,scale-marginal-first-no-refit,scale-marginal-first,False,True,False,True,0.018795837396889215,0.2498765421780901,0.2498765421780901,0.004206295868369516,129,60,0,False,10.117771157776879,1962.60225
sub-meter-mixed-depth,1120007,scale-marginal-first-refit,scale-marginal-first,True,True,False,True,0.017680083967080835,0.1772527171682735,0.1772527171682735,0.0029530457912814185,128,60,4,False,10.10301061304191,5395.652791
sub-meter-mixed-depth,1120008,count-first-no-refit,count-first,False,True,False,True,0.02320785311922447,0.3130382028404186,0.3130382028404186,0.005655814324985446,128,60,0,False,10.114773123012782,6970.293583
sub-meter-mixed-depth,1120008,count-first-refit,count-first,True,True,False,True,0.040810294811541935,0.31821468108194517,0.31821468108194517,0.005919039908019143,129,60,4,False,10.120058184702575,8008.129625
sub-meter-mixed-depth,1120008,msac-first-no-refit,msac-first,False,True,False,True,0.023190377091520883,0.3100835452776079,0.3100835452776079,0.005604583287055283,128,60,0,False,10.113605785410602,4470.1455
sub-meter-mixed-depth,1120008,msac-first-refit,msac-first,True,True,False,True,0.0269502071029442,0.297597821864244,0.297597821864244,0.005424089059842877,128,60,5,False,10.09308684795293,2197.01325
sub-meter-mixed-depth,1120008,scale-marginal-first-no-refit,scale-marginal-first,False,True,False,True,0.02320785311922447,0.3130382028404186,0.3130382028404186,0.005655814324985446,128,60,0,False,10.114773123012782,2892.245459
sub-meter-mixed-depth,1120008,scale-marginal-first-refit,scale-marginal-first,True,True,False,True,0.040810294811541935,0.31821468108194517,0.31821468108194517,0.005919039908019143,129,60,4,False,10.120058184702575,2190.534708
sub-meter-mixed-depth,1120009,count-first-no-refit,count-first,False,True,False,True,0.019427128248269303,0.1125657563475406,0.1125657563475406,0.0018397574047678401,128,60,0,False,9.70515994500375,1065.680834
sub-meter-mixed-depth,1120009,count-first-refit,count-first,True,True,False,True,0.020487741148886688,0.12610639844935112,0.12610639844935112,0.002060946369758995,128,60,5,False,9.707727061064052,746.402167
sub-meter-mixed-depth,1120009,msac-first-no-refit,msac-first,False,True,False,True,0.01845983952367275,0.09825800886896972,0.09825800886896972,0.0016106852592575108,128,60,0,False,9.704809681901825,1003.340834
sub-meter-mixed-depth,1120009,msac-first-refit,msac-first,True,True,False,True,0.02034188895249092,0.1276263770168242,0.1276263770168242,0.0020770116091466556,128,60,5,False,9.703640201006815,1085.4955
sub-meter-mixed-depth,1120009,scale-marginal-first-no-refit,scale-marginal-first,False,True,False,True,0.019427128248269303,0.1125657563475406,0.1125657563475406,0.0018397574047678401,128,60,0,False,9.70515994500375,1025.147167
sub-meter-mixed-depth,1120009,scale-marginal-first-refit,scale-marginal-first,True,True,False,True,0.020487741148886688,0.12610639844935112,0.12610639844935112,0.002060946369758995,128,60,5,False,9.707727061064052,1001.378167
sub-meter-mixed-depth,1120010,count-first-no-refit,count-first,False,True,False,True,0.016394557235991973,0.0880633015629075,0.0880633015629075,0.0014944161461577338,130,60,0,False,9.499151746261393,1059.121291
sub-meter-mixed-depth,1120010,count-first-refit,count-first,True,True,False,True,0.016418752276133094,0.088699057130223,0.088699057130223,0.0014929888892211759,130,60,4,False,9.500107408193461,3379.342917
sub-meter-mixed-depth,1120010,msac-first-no-refit,msac-first,False,True,False,True,0.01589155737906015,0.09511408949844301,0.09511408949844301,0.0016727445684359367,130,60,0,False,9.497603365696442,8098.300875
sub-meter-mixed-depth,1120010,msac-first-refit,msac-first,True,True,False,True,0.015248972769045684,0.073133750014286,0.073133750014286,0.0012399327520390266,130,60,4,False,9.491878011617187,8085.155292
sub-meter-mixed-depth,1120010,scale-marginal-first-no-refit,scale-marginal-first,False,True,False,True,0.016394557235991973,0.0880633015629075,0.0880633015629075,0.0014944161461577338,130,60,0,False,9.499151746261393,4886.4495
sub-meter-mixed-depth,1120010,scale-marginal-first-refit,scale-marginal-first,True,True,False,True,0.016418752276133094,0.088699057130223,0.088699057130223,0.0014929888892211759,130,60,4,False,9.500107408193461,3615.780834
sub-meter-mixed-depth,1120011,count-first-no-refit,count-first,False,True,False,True,0.006637795970407949,0.0868780225089653,0.0868780225089653,0.0015547762108340194,128,60,0,False,10.014539922870679,2652.923666
sub-meter-mixed-depth,1120011,count-first-refit,count-first,True,True,False,True,0.006637795970407949,0.0868780225089653,0.0868780225089653,0.0015547762108340194,128,60,2,False,10.014539922870679,1576.112375
sub-meter-mixed-depth,1120011,msac-first-no-refit,msac-first,False,True,False,True,0.006637795970407949,0.0868780225089653,0.0868780225089653,0.0015547762108340194,128,60,0,False,10.014539922870679,998.231125
sub-meter-mixed-depth,1120011,msac-first-refit,msac-first,True,True,False,True,0.006637795970407949,0.0868780225089653,0.0868780225089653,0.0015547762108340194,128,60,2,False,10.014539922870679,993.482458
sub-meter-mixed-depth,1120011,scale-marginal-first-no-refit,scale-marginal-first,False,True,False,True,0.006637795970407949,0.0868780225089653,0.0868780225089653,0.0015547762108340194,128,60,0,False,10.014539922870679,820.045125
sub-meter-mixed-depth,1120011,scale-marginal-first-refit,scale-marginal-first,True,True,False,True,0.006637795970407949,0.0868780225089653,0.0868780225089653,0.0015547762108340194,128,60,2,False,10.014539922870679,718.937584
sub-meter-mixed-depth,1120012,count-first-no-refit,count-first,False,True,False,True,0.02848548263750606,0.49803419035634083,0.49803419035634083,0.008528624913522496,130,60,0,False,10.353588503805423,739.010834
sub-meter-mixed-depth,1120012,count-first-refit,count-first,True,True,False,True,0.02848548263750606,0.49803419035634083,0.49803419035634083,0.008528624913522496,130,60,4,False,10.353588503805423,822.615541
sub-meter-mixed-depth,1120012,msac-first-no-refit,msac-first,False,True,False,True,0.014826343704553983,0.11618988272426815,0.11618988272426815,0.0019949648606732997,128,60,0,False,9.917512177284877,851.185417
sub-meter-mixed-depth,1120012,msac-first-refit,msac-first,True,True,False,True,0.013845224415473782,0.10669732523994932,0.10669732523994932,0.0018528112798614847,128,60,7,False,9.915394959258276,837.145583
sub-meter-mixed-depth,1120012,scale-marginal-first-no-refit,scale-marginal-first,False,True,False,True,0.015255594041916041,0.16024384309385364,0.16024384309385364,0.0027509396718907926,128,60,0,False,9.921238159043815,801.109
sub-meter-mixed-depth,1120012,scale-marginal-first-refit,scale-marginal-first,True,True,False,True,0.014741762900020569,0.09003118271980518,0.09003118271980518,0.0015250809810032054,128,60,7,False,9.914881024476236,2194.328709
sub-meter-mixed-depth,1120013,count-first-no-refit,count-first,False,True,False,True,0.017197999674827474,0.22286397054153576,0.22286397054153576,0.0038928262489176615,129,60,0,False,9.287300753736265,7647.414041
sub-meter-mixed-depth,1120013,count-first-refit,count-first,True,True,False,True,0.01710872412538328,0.22952977405841812,0.22952977405841812,0.004011024969312481,129,60,4,False,9.284710006867563,7517.00775
sub-meter-mixed-depth,1120013,msac-first-no-refit,msac-first,False,True,False,True,0.01698353728938537,0.24413987216148314,0.24413987216148314,0.004283160031104305,129,60,0,False,9.27895782616347,5596.809542
sub-meter-mixed-depth,1120013,msac-first-refit,msac-first,True,True,False,True,0.01690684583064918,0.27515894486063003,0.27515894486063003,0.0048265637881068826,129,60,4,False,9.274289055904546,3906.423667
sub-meter-mixed-depth,1120013,scale-marginal-first-no-refit,scale-marginal-first,False,True,False,True,0.017197999674827474,0.22286397054153576,0.22286397054153576,0.0038928262489176615,129,60,0,False,9.287300753736265,3743.484708
sub-meter-mixed-depth,1120013,scale-marginal-first-refit,scale-marginal-first,True,True,False,True,0.01710872412538328,0.22952977405841812,0.22952977405841812,0.004011024969312481,129,60,4,False,9.284710006867563,1147.818333
sub-meter-mixed-depth,1120014,count-first-no-refit,count-first,False,True,False,True,0.021121980654168586,0.04400350646291527,0.04400350646291527,0.0006362223879226312,130,60,0,False,9.87660675569359,806.981458
sub-meter-mixed-depth,1120014,count-first-refit,count-first,True,True,False,True,0.021121588922204036,0.04401907708141668,0.04401907708141668,0.0006364739693340983,130,60,5,False,9.876606335672559,724.015459
sub-meter-mixed-depth,1120014,msac-first-no-refit,msac-first,False,True,False,True,0.020949377324641544,0.017872679998774496,0.017872679998774496,0.00024216284770355877,130,60,0,False,9.874957615410988,739.096667
sub-meter-mixed-depth,1120014,msac-first-refit,msac-first,True,True,False,True,0.017592192321368157,0.050826311348590544,0.050826311348590544,0.0007527390182537119,130,60,5,False,9.86906196652146,746.092208
sub-meter-mixed-depth,1120014,scale-marginal-first-no-refit,scale-marginal-first,False,True,False,True,0.021121980654168586,0.04400350646291527,0.04400350646291527,0.0006362223879226312,130,60,0,False,9.87660675569359,808.071292
sub-meter-mixed-depth,1120014,scale-marginal-first-refit,scale-marginal-first,True,True,False,True,0.021121588922204036,0.04401907708141668,0.04401907708141668,0.0006364739693340983,130,60,5,False,9.876606335672559,797.253833
sub-meter-mixed-depth,1120015,count-first-no-refit,count-first,False,True,False,True,0.010331994769003606,0.1938271277933165,0.1938271277933165,0.0034695479098458258,130,60,0,False,9.874416516347829,786.765541
sub-meter-mixed-depth,1120015,count-first-refit,count-first,True,True,False,True,0.010331994557351511,0.19382718180674435,0.19382718180674435,0.0034695488504334704,130,60,5,False,9.874416766509675,761.892459
sub-meter-mixed-depth,1120015,msac-first-no-refit,msac-first,False,True,False,True,0.01018489160860473,0.10977300543206983,0.10977300543206983,0.001999331909982843,130,60,0,False,9.525120922180548,841.5525
sub-meter-mixed-depth,1120015,msac-first-refit,msac-first,True,True,False,True,0.013208430215111592,0.14268764611090798,0.14268764611090798,0.0024570340919991248,130,60,5,False,9.602935265535613,694.645375
sub-meter-mixed-depth,1120015,scale-marginal-first-no-refit,scale-marginal-first,False,True,False,True,0.010331994769003606,0.1938271277933165,0.1938271277933165,0.0034695479098458258,130,60,0,False,9.874416516347829,846.054125
sub-meter-mixed-depth,1120015,scale-marginal-first-refit,scale-marginal-first,True,True,False,True,0.010331994557351511,0.19382718180674435,0.19382718180674435,0.0034695488504334704,130,60,5,False,9.874416766509675,6822.041416
sub-meter-mixed-depth,1120016,count-first-no-refit,count-first,False,True,False,True,0.011183434324744732,0.8536273724964754,0.8536273724964754,0.014805662065085485,130,60,0,False,10.693660682272672,7438.550584
sub-meter-mixed-depth,1120016,count-first-refit,count-first,True,True,False,True,0.0114424198635395,0.19895042969167223,0.19895042969167223,0.0034621071178303872,130,60,7,False,9.618010931849428,7494.433583
sub-meter-mixed-depth,1120016,msac-first-no-refit,msac-first,False,True,False,True,0.01012345699080338,0.2142877572668634,0.2142877572668634,0.0037243705642566035,130,60,0,False,9.616246866634954,3753.783417
sub-meter-mixed-depth,1120016,msac-first-refit,msac-first,True,True,False,True,0.0114424198635395,0.19895042969167223,0.19895042969167223,0.0034621071178303872,130,60,7,False,9.618010931849428,4039.773875
sub-meter-mixed-depth,1120016,scale-marginal-first-no-refit,scale-marginal-first,False,True,False,True,0.011315974093580029,0.20027245285501094,0.20027245285501094,0.0034849060298197503,130,60,0,False,9.617781092396443,1663.111792
sub-meter-mixed-depth,1120016,scale-marginal-first-refit,scale-marginal-first,True,True,False,True,0.0114424198635395,0.19895042969167223,0.19895042969167223,0.0034621071178303872,130,60,7,False,9.618010931849428,977.721625
sub-meter-mixed-depth,1120017,count-first-no-refit,count-first,False,True,False,True,0.008659234803961764,0.280010001381059,0.280010001381059,0.004876257734889202,129,60,0,False,9.367173457645364,1144.413875
sub-meter-mixed-depth,1120017,count-first-refit,count-first,True,True,False,True,0.003513274716523078,0.2710843344730641,0.2710843344730641,0.004732544136871508,130,60,5,False,9.389801267376338,1138.401375
sub-meter-mixed-depth,1120017,msac-first-no-refit,msac-first,False,True,False,True,0.009028305396533943,0.2578143472061322,0.2578143472061322,0.004491097572578006,129,60,0,False,9.366114731233221,780.471042
sub-meter-mixed-depth,1120017,msac-first-refit,msac-first,True,True,False,True,0.00883122900087878,0.2835459173046804,0.2835459173046804,0.004929715345393987,129,60,6,False,9.366633218892687,762.785792
sub-meter-mixed-depth,1120017,scale-marginal-first-no-refit,scale-marginal-first,False,True,False,True,0.008659234719782333,0.28000996690378865,0.28000996690378865,0.004876257135330586,129,60,0,False,9.367173455850471,827.179292
sub-meter-mixed-depth,1120017,scale-marginal-first-refit,scale-marginal-first,True,True,False,True,0.003513274716523078,0.2710843344730641,0.2710843344730641,0.004732544136871508,130,60,5,False,9.389801267376338,776.785667
sub-meter-mixed-depth,1120018,count-first-no-refit,count-first,False,True,False,True,0.027841254858742778,0.7814415294955032,0.7814415294955032,0.013536150287632952,128,60,0,False,10.695924284172579,779.161209
sub-meter-mixed-depth,1120018,count-first-refit,count-first,True,True,False,True,0.027841254858742778,0.7814415294955032,0.7814415294955032,0.013536150287632952,128,60,4,False,10.695924284172579,856.719042
sub-meter-mixed-depth,1120018,msac-first-no-refit,msac-first,False,True,False,True,0.02887867587099726,0.09670449051714139,0.09670449051714139,0.0018280710724304114,127,60,0,False,9.4595224108449,871.888583
sub-meter-mixed-depth,1120018,msac-first-refit,msac-first,True,True,False,True,0.03085630413155608,0.13186191013950016,0.13186191013950016,0.002442560136665336,127,60,5,False,9.462072045053798,7062.929875
sub-meter-mixed-depth,1120018,scale-marginal-first-no-refit,scale-marginal-first,False,True,False,True,0.03086440446221023,0.13197604537349514,0.13197604537349514,0.0024441058467431567,127,60,0,False,9.46209350605992,8274.715625
sub-meter-mixed-depth,1120018,scale-marginal-first-refit,scale-marginal-first,True,True,False,True,0.031119234511694908,0.1317484538677361,0.1317484538677361,0.002443621933551734,127,60,5,False,9.463052473028593,8716.404084
sub-meter-mixed-depth,1120019,count-first-no-refit,count-first,False,True,False,True,0.013336664934745132,0.20813473205881888,0.20813473205881888,0.003620956051727533,126,60,0,False,9.978810924292386,5832.521958
sub-meter-mixed-depth,1120019,count-first-refit,count-first,True,True,False,True,0.015957572087014035,0.184567297759734,0.184567297759734,0.0031482829419895667,127,60,6,False,10.013150005641887,2022.775708
sub-meter-mixed-depth,1120019,msac-first-no-refit,msac-first,False,True,False,True,0.011879960119124131,0.2100018376671402,0.2100018376671402,0.003653890407136245,127,60,0,False,9.97353084975241,1264.899541
sub-meter-mixed-depth,1120019,msac-first-refit,msac-first,True,True,False,True,0.011588902846672905,0.1968043803689389,0.1968043803689389,0.0034474371433203367,127,60,7,False,9.972156867473956,980.153958
sub-meter-mixed-depth,1120019,scale-marginal-first-no-refit,scale-marginal-first,False,True,False,True,0.013336664934745132,0.20813473205881888,0.20813473205881888,0.003620956051727533,126,60,0,False,9.978810924292386,1075.37375
sub-meter-mixed-depth,1120019,scale-marginal-first-refit,scale-marginal-first,True,True,False,True,0.015957572087014035,0.184567297759734,0.184567297759734,0.0031482829419895667,127,60,6,False,10.013150005641887,929.904333
weak-parallax-stress,1130000,count-first-no-refit,count-first,False,True,False,False,0.05590305037135142,40.927390939681835,40.927390939681835,0.699037840522588,227,60,0,False,64.7982835600262,947.230834
weak-parallax-stress,1130000,count-first-refit,count-first,True,True,False,True,0.027300443287418534,1.0593742664615038,1.0593742664615038,0.01848528970337721,231,60,7,False,62.69896215840836,959.520416
weak-parallax-stress,1130000,msac-first-no-refit,msac-first,False,True,False,False,0.021859253148466363,79.39104927429834,79.39104927429834,1.2775602179718533,208,60,0,False,64.39085629243075,953.347583
weak-parallax-stress,1130000,msac-first-refit,msac-first,True,True,False,False,0.03499045126145988,41.25696057505426,41.25696057505426,0.7047447408988669,208,60,11,False,64.80913059772124,1194.4545
weak-parallax-stress,1130000,scale-marginal-first-no-refit,scale-marginal-first,False,True,False,True,0.01619006322128159,8.683073434956567,8.683073434956567,0.15131805112048494,230,60,0,False,64.17401825106909,6727.30575
weak-parallax-stress,1130000,scale-marginal-first-refit,scale-marginal-first,True,True,False,False,0.03598188318749626,41.36730411827743,41.36730411827743,0.706610132394772,206,60,14,False,65.34757253968911,6618.417667
weak-parallax-stress,1130001,count-first-no-refit,count-first,False,True,False,False,0.13431742079255088,45.087783495410726,45.087783495410726,0.7667269527668542,224,60,0,False,97.25708706385589,6611.531584
weak-parallax-stress,1130001,count-first-refit,count-first,True,True,False,False,0.13431742079255088,45.087783495410726,45.087783495410726,0.7667269527668542,224,60,16,False,97.25708706385589,4530.582375
weak-parallax-stress,1130001,msac-first-no-refit,msac-first,False,True,False,False,0.030561737352669777,57.37742039867834,57.37742039867834,0.9602496729890817,187,60,0,False,69.67611385179052,3994.113167
weak-parallax-stress,1130001,msac-first-refit,msac-first,True,True,False,False,0.026259582374797828,24.334565209111776,24.334565209111776,0.4214428497920905,198,60,24,False,66.78610455636249,2529.693667
weak-parallax-stress,1130001,scale-marginal-first-no-refit,scale-marginal-first,False,True,False,False,0.07345237648733419,61.78676230652944,61.78676230652944,1.0272608153811673,200,60,0,False,75.24387638702643,968.047542
weak-parallax-stress,1130001,scale-marginal-first-refit,scale-marginal-first,True,True,False,False,0.045924230464870805,22.638800054749254,22.638800054749254,0.3925572145751507,197,60,30,False,68.76080952519976,826.817292
weak-parallax-stress,1130002,count-first-no-refit,count-first,False,True,False,False,0.04388357322078903,98.6914224976803,81.3085775023197,1.3029483258814436,210,60,0,False,63.11317348553685,840.895583
weak-parallax-stress,1130002,count-first-refit,count-first,True,True,False,False,0.01677309352867984,113.15188455772329,66.84811544227671,1.101772927520528,211,60,38,False,62.52926817599203,958.094208
weak-parallax-stress,1130002,msac-first-no-refit,msac-first,False,True,False,False,0.012214147813153121,99.11581491919023,80.88418508080977,1.2974331674552968,204,60,0,False,60.201807396374335,1060.750584
weak-parallax-stress,1130002,msac-first-refit,msac-first,True,True,False,False,0.03533004547899759,18.284642776564148,18.284642776564148,0.3175622186782382,197,60,31,False,61.020779805852484,1254.955
weak-parallax-stress,1130002,scale-marginal-first-no-refit,scale-marginal-first,False,True,False,False,0.01851360183037746,100.08886892888421,79.91113107111579,1.284480936852204,209,60,0,False,60.70962080744179,879.907167
weak-parallax-stress,1130002,scale-marginal-first-refit,scale-marginal-first,True,True,False,True,0.07889475004561784,9.424743833885493,9.424743833885493,0.16398459887863384,204,60,33,False,61.72707892483213,962.416916
weak-parallax-stress,1130003,count-first-no-refit,count-first,False,True,False,False,0.03605020152544288,52.64554689645686,52.64554689645686,0.886779144671938,216,60,0,False,71.52566908558802,807.813375
weak-parallax-stress,1130003,count-first-refit,count-first,True,True,False,False,0.03605020152544288,52.64554689645686,52.64554689645686,0.886779144671938,216,60,18,False,71.52566908558802,2249.482625
weak-parallax-stress,1130003,msac-first-no-refit,msac-first,False,True,False,False,0.026889869510715547,43.78970499455079,43.78970499455079,0.7456282316001788,207,60,0,False,64.9432054541496,6979.273542
weak-parallax-stress,1130003,msac-first-refit,msac-first,True,True,False,False,0.033267616905881515,63.69097055363937,63.69097055363937,1.0555032598885432,204,60,20,False,66.15619587263322,10042.715125
weak-parallax-stress,1130003,scale-marginal-first-no-refit,scale-marginal-first,False,True,False,False,0.03351479142788471,67.75526925956866,67.75526925956866,1.1149601851534576,200,60,0,False,65.50001213421483,4805.998041
weak-parallax-stress,1130003,scale-marginal-first-refit,scale-marginal-first,True,True,False,False,0.009915102558453796,52.557431658544665,52.557431658544665,0.885489264388292,213,60,23,False,67.10928165591919,3855.786167
weak-parallax-stress,1130004,count-first-no-refit,count-first,False,True,False,False,0.08962418389985664,96.3508191243749,83.6491808756251,1.3334043588035942,210,60,0,False,73.22875240777992,3423.641625
weak-parallax-stress,1130004,count-first-refit,count-first,True,True,False,False,0.05395266353679247,55.75472185219587,55.75472185219587,0.9352301471104231,213,60,33,False,70.77617826230343,1616.205375
weak-parallax-stress,1130004,msac-first-no-refit,msac-first,False,True,False,False,0.05475875530323755,121.086090470112,58.913909529888,0.983128140798728,198,60,0,False,55.1852825954181,941.352541
weak-parallax-stress,1130004,msac-first-refit,msac-first,True,True,False,False,0.04571465828529586,48.29194300799445,48.29194300799445,0.8177694084357195,197,60,16,False,57.386512175724405,1500.782042
weak-parallax-stress,1130004,scale-marginal-first-no-refit,scale-marginal-first,False,True,False,False,0.05399476567339222,127.31642790903733,52.68357209096267,0.8870416063188218,196,60,0,False,56.796362913978975,1851.960708
weak-parallax-stress,1130004,scale-marginal-first-refit,scale-marginal-first,True,True,False,False,0.031860755442273785,47.287736269557186,47.287736269557186,0.801859060235303,203,60,16,False,57.689986595233556,1521.670917
weak-parallax-stress,1130005,count-first-no-refit,count-first,False,True,False,False,0.15421973068676054,66.47105065153006,66.47105065153006,1.0950945965868923,207,60,0,False,91.098618236866,965.500917
weak-parallax-stress,1130005,count-first-refit,count-first,True,True,False,False,0.05035443557677348,62.40280391824145,62.40280391824145,1.0358847430119476,209,60,70,False,77.89377214105052,7197.618667
weak-parallax-stress,1130005,msac-first-no-refit,msac-first,False,True,False,False,0.034249311799614726,40.29529336670108,40.29529336670108,0.6891573746852685,190,60,0,False,75.24187438376211,7029.333917
weak-parallax-stress,1130005,msac-first-refit,msac-first,True,True,False,False,0.044116084812592514,75.73028499419264,75.73028499419264,1.2277275472929845,186,60,49,False,69.56603294160684,7486.313458
weak-parallax-stress,1130005,scale-marginal-first-no-refit,scale-marginal-first,False,True,False,False,0.05419374615299135,57.650625793491365,57.650625793491365,0.9639615202254841,192,60,0,False,72.95225815749701,3730.670583
weak-parallax-stress,1130005,scale-marginal-first-refit,scale-marginal-first,True,True,False,False,0.06247839640399618,88.38140145340648,88.38140145340648,1.3944571724035062,198,60,44,False,70.6837381870329,3827.684292
weak-parallax-stress,1130006,count-first-no-refit,count-first,False,True,False,False,0.10195530779768489,10.50062902681212,10.50062902681212,0.1836817387572534,217,60,0,False,71.64618405128479,2998.989666
weak-parallax-stress,1130006,count-first-refit,count-first,True,True,False,True,0.054511831828504144,3.844955022065881,3.844955022065881,0.06733962031603494,215,60,12,False,68.35295832877198,1247.137291
weak-parallax-stress,1130006,msac-first-no-refit,msac-first,False,True,False,True,0.020819684721668216,5.149933169080176,5.149933169080176,0.08999918175153873,203,60,0,False,66.606626171445,883.599667
weak-parallax-stress,1130006,msac-first-refit,msac-first,True,True,False,True,0.012700278556141514,5.228970578629937,5.228970578629937,0.09127338507194392,203,60,14,False,66.57544463940272,1141.12075
weak-parallax-stress,1130006,scale-marginal-first-no-refit,scale-marginal-first,False,True,False,True,0.0762770794863754,9.713914548376028,9.713914548376028,0.16981482771892442,216,60,0,False,69.6743965573664,1297.493875
weak-parallax-stress,1130006,scale-marginal-first-refit,scale-marginal-first,True,True,False,True,0.024467508915829075,4.747583461393011,4.747583461393011,0.0830462261172629,208,60,14,False,66.77504953284615,882.703084
weak-parallax-stress,1130007,count-first-no-refit,count-first,False,True,False,False,0.12272688562658123,39.8891781538933,39.8891781538933,0.6825448078801348,210,60,0,False,86.84378885970429,843.243292
weak-parallax-stress,1130007,count-first-refit,count-first,True,True,False,False,0.05497467772836579,63.15513156426071,63.15513156426071,1.046922364651118,210,60,13,False,66.44525713806603,7649.017916
weak-parallax-stress,1130007,msac-first-no-refit,msac-first,False,True,False,False,0.026527627839678002,54.59641645746886,54.59641645746886,0.9170809713704848,202,60,0,False,65.16372363607664,7286.757375
weak-parallax-stress,1130007,msac-first-refit,msac-first,True,True,False,False,0.024433091823599862,57.78618375954896,57.78618375954896,0.966189521117043,205,60,14,False,65.21625566453513,8081.402125
weak-parallax-stress,1130007,scale-marginal-first-no-refit,scale-marginal-first,False,True,False,False,0.041874066624456634,55.23190210395177,55.23190210395177,0.9267985610799264,202,60,0,False,65.60895502291594,2705.99275
weak-parallax-stress,1130007,scale-marginal-first-refit,scale-marginal-first,True,True,False,False,0.05497467772836579,63.15513156426071,63.15513156426071,1.046922364651118,210,60,13,False,66.44525713806603,4404.038958
weak-parallax-stress,1130008,count-first-no-refit,count-first,False,True,False,True,0.07336069244135869,8.30637288424623,8.30637288424623,0.14432693775676286,216,60,0,False,77.14263221438082,1657.333333
weak-parallax-stress,1130008,count-first-refit,count-first,True,True,False,True,0.0507777219594258,1.0535889218182437,1.0535889218182437,0.01842274791430251,219,60,21,False,71.74975857715799,1940.655292
weak-parallax-stress,1130008,msac-first-no-refit,msac-first,False,True,False,False,0.019908721121991338,45.29587853798111,45.29587853798111,0.7702789282103234,212,60,0,False,69.51837408074914,1035.219084
weak-parallax-stress,1130008,msac-first-refit,msac-first,True,True,False,False,0.013772484365496794,72.6603617039878,72.6603617039878,1.1848236684723563,203,60,31,False,65.53849586219187,1099.901417
weak-parallax-stress,1130008,scale-marginal-first-no-refit,scale-marginal-first,False,True,False,False,0.12645625687490422,58.350192060854425,58.350192060854425,0.9758961080512183,206,60,0,False,79.39385654449947,890.381542
weak-parallax-stress,1130008,scale-marginal-first-refit,scale-marginal-first,True,True,False,False,0.013121217859792643,55.367725030763914,55.367725030763914,0.9292770384548107,208,60,38,False,70.535827417347,1297.03925
weak-parallax-stress,1130009,count-first-no-refit,count-first,False,True,False,False,0.18107416597018527,10.846936486974217,10.846936486974217,0.18878204950916413,216,60,0,False,91.26019584581023,863.781125
weak-parallax-stress,1130009,count-first-refit,count-first,True,True,False,False,0.18107416597018527,10.846936486974217,10.846936486974217,0.18878204950916413,216,60,34,False,91.26019584581023,3559.082333
weak-parallax-stress,1130009,msac-first-no-refit,msac-first,False,True,False,False,0.012734642749365097,44.8284840794631,44.8284840794631,0.762583381140387,198,60,0,False,63.108786747799755,8068.807084
weak-parallax-stress,1130009,msac-first-refit,msac-first,True,True,False,False,0.04796680988036619,95.02073138053633,84.97926861946367,1.3511362664991085,205,60,18,False,62.50128165346453,11304.514292
weak-parallax-stress,1130009,scale-marginal-first-no-refit,scale-marginal-first,False,True,False,False,0.07425379614040936,70.45351953460704,70.45351953460704,1.153723769286541,196,60,0,False,69.11343162529204,3876.838
weak-parallax-stress,1130009,scale-marginal-first-refit,scale-marginal-first,True,True,False,False,0.02421134533455452,87.3574867211705,87.3574867211705,1.3811994196047113,207,60,15,False,64.4428238082703,4455.510709
weak-parallax-stress,1130010,count-first-no-refit,count-first,False,True,False,False,0.11918527298185914,40.574088298542044,40.574088298542044,0.6926657831713038,214,60,0,False,75.62459137935186,2769.730625
weak-parallax-stress,1130010,count-first-refit,count-first,True,True,False,False,0.13337530408741052,80.01029763687964,80.01029763687964,1.284861755704173,212,60,12,False,72.85115176171297,1684.472875
weak-parallax-stress,1130010,msac-first-no-refit,msac-first,False,True,False,False,0.04210691776050079,130.36041956026438,49.639580439735624,0.8392903972155349,196,60,0,False,65.37901710808094,983.194875
weak-parallax-stress,1130010,msac-first-refit,msac-first,True,True,False,False,0.03354717090620672,67.91192891683508,67.91192891683508,1.1172148342547337,203,60,38,False,61.71644423409927,2790.139625
weak-parallax-stress,1130010,scale-marginal-first-no-refit,scale-marginal-first,False,True,False,False,0.048649949527324945,61.84387442530988,61.84387442530988,1.027406089271341,210,60,0,False,63.72730756400723,913.767709
weak-parallax-stress,1130010,scale-marginal-first-refit,scale-marginal-first,True,True,False,False,0.013884435832472591,69.31508778534882,69.31508778534882,1.1372863948104164,209,60,85,False,60.91140163128875,2085.333666
weak-parallax-stress,1130011,count-first-no-refit,count-first,False,True,False,False,0.042089918018121175,71.40031230855381,71.40031230855381,1.1673503663108944,218,60,0,False,64.43354786004349,5011.368542
weak-parallax-stress,1130011,count-first-refit,count-first,True,True,False,False,0.024559823169423595,37.24155729059196,37.24155729059196,0.6387470007058199,221,60,14,False,66.75811323456075,15811.488958
weak-parallax-stress,1130011,msac-first-no-refit,msac-first,False,True,False,False,0.030931307844958646,61.64565528326076,61.64565528326076,1.0248156251938008,207,60,0,False,62.31590654295093,4479.885167
weak-parallax-stress,1130011,msac-first-refit,msac-first,True,True,False,False,0.017127668111090146,57.95228227981758,57.95228227981758,0.9688135736288175,216,60,12,False,62.38415115912103,3283.436541
weak-parallax-stress,1130011,scale-marginal-first-no-refit,scale-marginal-first,False,True,False,False,0.03351219298133288,61.43221963194081,61.43221963194081,1.0216999763126933,209,60,0,False,62.56271616313095,3622.692541
weak-parallax-stress,1130011,scale-marginal-first-refit,scale-marginal-first,True,True,False,False,0.017127668111090146,57.95228227981758,57.95228227981758,0.9688135736288175,216,60,12,False,62.38415115912103,1424.276333
weak-parallax-stress,1130012,count-first-no-refit,count-first,False,True,False,False,0.17888768280423523,24.30945877588484,24.30945877588484,0.4216943438787388,208,60,0,False,91.32954215617042,1095.208166
weak-parallax-stress,1130012,count-first-refit,count-first,True,True,False,False,0.17888768280423523,24.30945877588484,24.30945877588484,0.4216943438787388,208,60,10,False,91.32954215617042,2368.741459
weak-parallax-stress,1130012,msac-first-no-refit,msac-first,False,True,False,False,0.007759425770875638,17.10762008136256,17.10762008136256,0.29743983202650043,187,60,0,False,65.92488773712779,1293.525167
weak-parallax-stress,1130012,msac-first-refit,msac-first,True,True,False,False,0.018596131066580403,31.766300399453613,31.766300399453613,0.5472750498650694,193,60,45,False,63.63235162838829,1589.183542
weak-parallax-stress,1130012,scale-marginal-first-no-refit,scale-marginal-first,False,True,False,False,0.04779758934261561,54.057072807176226,54.057072807176226,0.9085844543363276,201,60,0,False,67.99487110839016,871.980084
weak-parallax-stress,1130012,scale-marginal-first-refit,scale-marginal-first,True,True,False,False,0.02317025765606487,29.009145885246483,29.009145885246483,0.500887706636026,199,60,39,False,64.26658412451047,19095.588166
weak-parallax-stress,1130013,count-first-no-refit,count-first,False,True,False,False,0.1782416206434103,142.71321507710311,37.286784922896885,0.6403346765220753,210,60,0,False,99.24335109292217,5204.1305
weak-parallax-stress,1130013,count-first-refit,count-first,True,True,False,False,0.1782416206434103,142.71321507710311,37.286784922896885,0.6403346765220753,210,60,86,False,99.24335109292217,9689.222375
weak-parallax-stress,1130013,msac-first-no-refit,msac-first,False,True,False,False,0.03286376235320076,102.16711641631878,77.83288358368122,1.2564529011006125,202,60,0,False,68.41482983614841,1084.043791
weak-parallax-stress,1130013,msac-first-refit,msac-first,True,True,False,False,0.018652252029724366,116.02256018471873,63.97743981528127,1.0596399649150912,201,60,93,False,66.68859877140221,3605.799167
weak-parallax-stress,1130013,scale-marginal-first-no-refit,scale-marginal-first,False,True,False,False,0.024936430620923357,103.0399565196547,76.9600434803453,1.2446071452866692,207,60,0,False,69.3632453332241,863.465625
weak-parallax-stress,1130013,scale-marginal-first-refit,scale-marginal-first,True,True,False,False,0.03211471290908494,108.46669744446126,71.53330255553874,1.1688275323102504,200,60,18,False,69.58643329315855,3293.933
weak-parallax-stress,1130014,count-first-no-refit,count-first,False,True,False,False,0.05967684429281365,21.68245497200177,21.68245497200177,0.37571926288107466,218,60,0,False,68.31647402833192,8266.26325
weak-parallax-stress,1130014,count-first-refit,count-first,True,True,False,False,0.023690353121833607,40.55951943316774,40.55951943316774,0.693026916511627,219,60,21,False,63.96069253871319,13305.988083
weak-parallax-stress,1130014,msac-first-no-refit,msac-first,False,True,False,False,0.06266109618618683,90.2803462699792,89.7196537300208,1.4104504564571025,192,60,0,False,63.24922371657117,3555.609708
weak-parallax-stress,1130014,msac-first-refit,msac-first,True,True,False,False,0.041827465612244694,61.85762919298707,61.85762919298707,1.027653270628353,204,60,25,False,61.613753124384445,5392.365125
weak-parallax-stress,1130014,scale-marginal-first-no-refit,scale-marginal-first,False,True,False,False,0.05126779524941028,72.72016219545638,72.72016219545638,1.1856373208671673,210,60,0,False,63.083012352778795,2321.845625
weak-parallax-stress,1130014,scale-marginal-first-refit,scale-marginal-first,True,True,False,False,0.045465570984921495,62.95811827922114,62.95811827922114,1.0440590693172977,209,60,26,False,61.61752094510271,1631.45275
weak-parallax-stress,1130015,count-first-no-refit,count-first,False,True,False,False,0.018836259483648764,14.76130999665678,14.76130999665678,0.2570511466678018,226,60,0,False,65.84137349678781,1318.573375
weak-parallax-stress,1130015,count-first-refit,count-first,True,True,False,False,0.021810827952495403,25.383518556976217,25.383518556976217,0.43934376531392605,221,60,12,False,64.25127403557384,1454.721916
weak-parallax-stress,1130015,msac-first-no-refit,msac-first,False,True,False,False,0.02307989607815651,14.636496013990019,14.636496013990019,0.2548741123824219,225,60,0,False,65.7691311494646,1006.763792
weak-parallax-stress,1130015,msac-first-refit,msac-first,True,True,False,False,0.026984585081615758,20.575973264666512,20.575973264666512,0.3570121859201169,218,60,20,False,63.77639840467149,1190.155625
weak-parallax-stress,1130015,scale-marginal-first-no-refit,scale-marginal-first,False,True,False,False,0.018836259483648764,14.76130999665678,14.76130999665678,0.2570511466678018,226,60,0,False,65.84137349678781,1026.097625
weak-parallax-stress,1130015,scale-marginal-first-refit,scale-marginal-first,True,True,False,False,0.01779938254380447,14.97232361428079,14.97232361428079,0.26048049744199625,217,60,22,False,68.81765537463721,7228.801667
weak-parallax-stress,1130016,count-first-no-refit,count-first,False,True,False,True,0.03986261291296701,5.9921930166421244,5.9921930166421244,0.10473224281702603,228,60,0,False,71.78785877642255,10145.567583
weak-parallax-stress,1130016,count-first-refit,count-first,True,True,False,True,0.06014547956295164,2.456231307928348,2.456231307928348,0.04247905931975934,229,60,7,False,70.39792816069735,9718.205166
weak-parallax-stress,1130016,msac-first-no-refit,msac-first,False,True,False,False,0.04256669215125284,42.39953685665049,42.39953685665049,0.7235395660144692,208,60,0,False,70.78955708514219,4500.052209
weak-parallax-stress,1130016,msac-first-refit,msac-first,True,True,False,False,0.035005259100947095,62.0740523357715,62.0740523357715,1.0311910204030896,206,60,20,False,71.01799580411677,3429.913458
weak-parallax-stress,1130016,scale-marginal-first-no-refit,scale-marginal-first,False,True,False,False,0.05978233866005425,29.878167465020976,29.878167465020976,0.5158931277025246,215,60,0,False,69.72565823317454,1457.923917
weak-parallax-stress,1130016,scale-marginal-first-refit,scale-marginal-first,True,True,False,False,0.05978233866005425,29.878167465020976,29.878167465020976,0.5158931277025246,215,60,20,False,69.72565823317454,2652.274708
weak-parallax-stress,1130017,count-first-no-refit,count-first,False,True,False,False,0.12265499461441479,23.823867904828365,23.823867904828365,0.4130311764673072,214,60,0,False,77.56299354724212,1451.386084
weak-parallax-stress,1130017,count-first-refit,count-first,True,True,False,False,0.12265499461441479,23.823867904828365,23.823867904828365,0.4130311764673072,214,60,14,False,77.56299354724212,1704.316625
weak-parallax-stress,1130017,msac-first-no-refit,msac-first,False,True,False,False,0.017832526947017778,78.26231964557935,78.26231964557935,1.2621463811177855,186,60,0,False,66.87220121882393,4955.569
weak-parallax-stress,1130017,msac-first-refit,msac-first,True,True,False,False,0.04667298729061006,114.32283374240568,65.67716625759432,1.08484779898724,192,60,20,False,66.18395847370962,18323.886667
weak-parallax-stress,1130017,scale-marginal-first-no-refit,scale-marginal-first,False,True,False,False,0.17676301698653255,43.97135002100894,43.97135002100894,0.749728324477873,204,60,0,False,79.54658622495484,3759.033375
weak-parallax-stress,1130017,scale-marginal-first-refit,scale-marginal-first,True,True,False,False,0.06865784426718398,124.7304390055762,55.2695609944238,0.9273602005858411,200,60,10,False,68.78410296248504,4550.666542
weak-parallax-stress,1130018,count-first-no-refit,count-first,False,True,False,False,0.08486630567750043,121.4999247686876,58.500075231312394,0.9770606941464897,207,60,0,False,78.89613942515702,2417.541625
weak-parallax-stress,1130018,count-first-refit,count-first,True,True,False,False,0.036234568844176474,129.08058736102547,50.919412638974535,0.8595009076755078,212,60,10,False,69.45950168861094,1380.109583
weak-parallax-stress,1130018,msac-first-no-refit,msac-first,False,True,False,False,0.027958583815733188,90.29083770571555,89.70916229428445,1.4104557859864837,191,60,0,False,68.9534779277971,1153.034792
weak-parallax-stress,1130018,msac-first-refit,msac-first,True,True,False,False,0.021276139221927174,124.85188305576114,55.148116944238865,0.9259380068923508,206,60,9,False,63.68797271129196,1046.577083
weak-parallax-stress,1130018,scale-marginal-first-no-refit,scale-marginal-first,False,True,False,False,0.027673093590436723,90.27894262972319,89.72105737027681,1.4106252047646466,194,60,0,False,69.43719877009642,945.64625
weak-parallax-stress,1130018,scale-marginal-first-refit,scale-marginal-first,True,True,False,False,0.036234568844176474,129.08058736102547,50.919412638974535,0.8595009076755078,212,60,10,False,69.45950168861094,984.737125
weak-parallax-stress,1130019,count-first-no-refit,count-first,False,True,False,False,0.16262070360553268,23.511136675807624,23.511136675807624,0.40844798673788163,210,60,0,False,85.30777439024143,845.998333
weak-parallax-stress,1130019,count-first-refit,count-first,True,True,False,False,0.16262070360553268,23.511136675807624,23.511136675807624,0.40844798673788163,210,60,6,False,85.30777439024143,863.863625
weak-parallax-stress,1130019,msac-first-no-refit,msac-first,False,True,False,False,0.04029795337780813,21.39887185601064,21.39887185601064,0.3709748360835085,208,60,0,False,69.38765106490752,924.707625
weak-parallax-stress,1130019,msac-first-refit,msac-first,True,True,False,False,0.03810143979359465,13.283955291838893,13.283955291838893,0.2310062895377658,203,60,4,False,68.86630944203978,7020.760958
weak-parallax-stress,1130019,scale-marginal-first-no-refit,scale-marginal-first,False,True,False,False,0.029957977619546276,21.630708267463653,21.630708267463653,0.37503408685390105,212,60,0,False,69.42589836172898,10199.147792
weak-parallax-stress,1130019,scale-marginal-first-refit,scale-marginal-first,True,True,False,False,0.029957977619546276,21.630708267463653,21.630708267463653,0.37503408685390105,212,60,6,False,69.42589836172898,7345.686042
unobservable,1140000,count-first-no-refit,count-first,False,True,False,False,0.029649947446778797,59.8968488218002,59.8968488218002,0.9983573269535146,223,60,0,False,60.450015405440766,4401.890709
unobservable,1140000,count-first-refit,count-first,True,True,False,False,0.17975946863571976,55.634979198371354,55.634979198371354,0.9338002747125974,222,60,24,False,72.30694775862489,4817.978209
unobservable,1140000,msac-first-no-refit,msac-first,False,True,False,False,0.015931937285106022,127.38140253368933,52.618597466310675,0.886535855741491,185,60,0,False,55.94378713036299,1547.105417
unobservable,1140000,msac-first-refit,msac-first,True,True,False,False,0.028481170863018795,51.22669223494592,51.22669223494592,0.8648146206322718,220,60,12,False,56.1156310497595,1279.943
unobservable,1140000,scale-marginal-first-no-refit,scale-marginal-first,False,True,False,False,0.020737172366937187,38.83343298950566,38.83343298950566,0.6647179194959576,214,60,0,False,58.04458893835889,1009.605167
unobservable,1140000,scale-marginal-first-refit,scale-marginal-first,True,True,False,False,0.020179097856750407,49.3430362873777,49.3430362873777,0.8349875986704135,217,60,19,False,56.19023340628216,1230.966833
unobservable,1140001,count-first-no-refit,count-first,False,True,False,False,0.046474698792799474,28.894521203888477,28.894521203888477,0.49912312098596806,216,60,0,False,68.14614424652798,1289.6745
unobservable,1140001,count-first-refit,count-first,True,True,False,False,0.046474698792799474,28.894521203888477,28.894521203888477,0.49912312098596806,216,60,35,False,68.14614424652798,3081.013334
unobservable,1140001,msac-first-no-refit,msac-first,False,True,False,False,0.03988480783849455,130.75098555785442,49.24901444214558,0.8335518116388014,186,60,0,False,65.19625181754834,7497.443292
unobservable,1140001,msac-first-refit,msac-first,True,True,False,False,0.05844075804140009,70.70371560213857,70.70371560213857,1.1575942758720439,197,60,29,False,60.92779725380866,8813.67375
unobservable,1140001,scale-marginal-first-no-refit,scale-marginal-first,False,True,False,False,0.04579893059128537,28.677159682649002,28.677159682649002,0.49545296027091423,215,60,0,False,68.09980090191277,6025.905542
unobservable,1140001,scale-marginal-first-refit,scale-marginal-first,True,True,False,False,0.019109498851915322,102.49606454391153,77.50393545608847,1.2520112089218516,207,60,36,False,60.97445206596128,5026.399208
unobservable,1140002,count-first-no-refit,count-first,False,True,False,False,0.16923506612490086,34.24418045124172,34.24418045124172,0.5897289618544606,217,60,0,False,86.89585548354962,2806.389584
unobservable,1140002,count-first-refit,count-first,True,True,False,False,0.04277014662917353,79.06778500923873,79.06778500923873,1.2733121999868913,217,60,33,False,70.01396390081484,1651.287375
unobservable,1140002,msac-first-no-refit,msac-first,False,True,False,False,0.04114183260588988,25.4592090726616,25.4592090726616,0.44061397031072247,205,60,0,False,74.31911518312106,968.927167
unobservable,1140002,msac-first-refit,msac-first,True,True,False,False,0.031373952499169286,72.69341318455237,72.69341318455237,1.1852822069094324,212,60,37,False,69.69778017664031,1277.116292
unobservable,1140002,scale-marginal-first-no-refit,scale-marginal-first,False,True,False,False,0.05212295752398124,60.74944196130121,60.74944196130121,1.011564133960759,204,60,0,False,73.8369456599469,905.780458
unobservable,1140002,scale-marginal-first-refit,scale-marginal-first,True,True,False,False,0.06042362154960825,84.1466208283821,84.1466208283821,1.3405162942200477,214,60,32,False,71.59644438461572,847.844583
unobservable,1140003,count-first-no-refit,count-first,False,True,False,False,0.12200367148568507,18.576745038868147,18.576745038868147,0.32376397834587495,219,60,0,False,69.47386303034034,895.323958
unobservable,1140003,count-first-refit,count-first,True,True,False,True,0.056814823933108535,9.622102099923254,9.622102099923254,0.16749952811277719,213,60,28,False,67.23909939518987,1549.87
unobservable,1140003,msac-first-no-refit,msac-first,False,True,False,False,0.06317138865451206,27.19067490925918,27.19067490925918,0.4703551536583693,209,60,0,False,61.823054097325446,910.055041
unobservable,1140003,msac-first-refit,msac-first,True,True,False,False,0.04293959862237337,58.186988790762385,58.186988790762385,0.972190253463739,196,60,75,False,63.78727561444963,11847.771625
unobservable,1140003,scale-marginal-first-no-refit,scale-marginal-first,False,True,False,False,0.12200367148568507,18.576745038868147,18.576745038868147,0.32376397834587495,219,60,0,False,69.47386303034034,7446.213916
unobservable,1140003,scale-marginal-first-refit,scale-marginal-first,True,True,False,False,0.020544167647962585,47.268654359818186,47.268654359818186,0.8016746472213451,205,60,57,False,64.20715115301024,7078.737291
unobservable,1140004,count-first-no-refit,count-first,False,True,False,False,0.18636396546814007,117.83975337683651,62.16024662316349,1.0312237325561022,218,60,0,False,78.13437544321567,3936.197042
unobservable,1140004,count-first-refit,count-first,True,True,False,False,0.03832608488465893,38.095181628191085,38.095181628191085,0.6525441971164142,208,60,100,True,71.08467832590252,2633.427292
unobservable,1140004,msac-first-no-refit,msac-first,False,True,False,False,0.030585611132087083,59.50442716190565,59.50442716190565,0.9924631102985011,198,60,0,False,68.05955466769703,1233.125375
unobservable,1140004,msac-first-refit,msac-first,True,True,False,False,0.018263530476608236,40.66412130693828,40.66412130693828,0.6948333928129883,197,60,93,False,68.0365568103621,1019.646292
unobservable,1140004,scale-marginal-first-no-refit,scale-marginal-first,False,True,False,False,0.06348535047457433,32.004726561559075,32.004726561559075,0.5509485327272247,207,60,0,False,67.52074395239126,877.72775
unobservable,1140004,scale-marginal-first-refit,scale-marginal-first,True,True,False,False,0.018263530476608236,40.66412130693828,40.66412130693828,0.6948333928129883,197,60,93,False,68.0365568103621,1249.525
unobservable,1140005,count-first-no-refit,count-first,False,True,False,False,0.056366571904940335,39.93034086087356,39.93034086087356,0.6833111604832706,213,60,0,False,68.25689147708304,1016.511125
unobservable,1140005,count-first-refit,count-first,True,True,False,False,0.04013748073415394,45.589575502810895,45.589575502810895,0.7747267079706989,208,60,20,False,64.01466328942794,1098.940875
unobservable,1140005,msac-first-no-refit,msac-first,False,True,False,False,0.038280394348160884,40.74689768182881,40.74689768182881,0.6962416264999178,204,60,0,False,62.69217828040422,4567.767042
unobservable,1140005,msac-first-refit,msac-first,True,True,False,False,0.040728735892265694,32.95549013105016,32.95549013105016,0.5672060112548252,205,60,25,False,62.374918869277266,8932.435167
unobservable,1140005,scale-marginal-first-no-refit,scale-marginal-first,False,True,False,False,0.040647122267813376,29.379149761295437,29.379149761295437,0.5074722360955269,215,60,0,False,65.6310257600212,8590.693417
unobservable,1140005,scale-marginal-first-refit,scale-marginal-first,True,True,False,False,0.03176224046194243,41.67696812112741,41.67696812112741,0.7114510597346299,207,60,23,False,62.56629366917542,3610.05075
unobservable,1140006,count-first-no-refit,count-first,False,True,False,False,0.03434841266751966,16.440565598239864,16.440565598239864,0.2861518694656871,225,60,0,False,57.80136945954563,2895.606042
unobservable,1140006,count-first-refit,count-first,True,True,False,False,0.010721525956648182,24.444309392991563,24.444309392991563,0.42339799995855243,227,60,11,False,56.16097148033582,3103.967292
unobservable,1140006,msac-first-no-refit,msac-first,False,True,False,False,0.02130536257886745,27.2831102081578,27.2831102081578,0.47157789542138945,220,60,0,False,56.43925481778307,1323.483542
unobservable,1140006,msac-first-refit,msac-first,True,True,False,False,0.006861140484034364,24.712412668846575,24.712412668846575,0.42796985101682733,227,60,11,False,56.096903679573586,853.198667
unobservable,1140006,scale-marginal-first-no-refit,scale-marginal-first,False,True,False,False,0.022938245774728337,27.313467292551472,27.313467292551472,0.4720795159224718,221,60,0,False,56.46734771845027,961.360791
unobservable,1140006,scale-marginal-first-refit,scale-marginal-first,True,True,False,False,0.012543315961316946,16.481502305094654,16.481502305094654,0.28657386140987157,222,60,11,False,56.877411756597446,1410.045167
unobservable,1140007,count-first-no-refit,count-first,False,True,False,False,0.05259230158814965,29.648787535846697,29.648787535846697,0.5112779352154669,223,60,0,False,66.6877783612647,1084.102875
unobservable,1140007,count-first-refit,count-first,True,True,False,False,0.056493179071604546,11.47389842491058,11.47389842491058,0.19989952843756836,232,60,25,False,63.066322139063615,1157.101834
unobservable,1140007,msac-first-no-refit,msac-first,False,True,False,False,0.030790325655987296,135.31793292173532,44.68206707826468,0.7600147260762559,175,60,0,False,61.136746696573184,972.256208
unobservable,1140007,msac-first-refit,msac-first,True,True,False,False,0.04176739364549183,17.843496366701494,17.843496366701494,0.31022878139505816,228,60,33,False,61.316154909351226,2332.975417
unobservable,1140007,scale-marginal-first-no-refit,scale-marginal-first,False,True,False,False,0.06518935948701594,63.728835048454776,63.728835048454776,1.0556807508163502,213,60,0,False,62.666757841679896,8712.660167
unobservable,1140007,scale-marginal-first-refit,scale-marginal-first,True,True,False,False,0.056493179071604546,11.47389842491058,11.47389842491058,0.19989952843756836,232,60,25,False,63.066322139063615,9097.892459
unobservable,1140008,count-first-no-refit,count-first,False,True,False,False,0.05699074007268513,87.37828851617293,87.37828851617293,1.3818238339565039,211,60,0,False,64.38665967358378,3975.456625
unobservable,1140008,count-first-refit,count-first,True,True,False,False,0.05699074007268513,87.37828851617293,87.37828851617293,1.3818238339565039,211,60,12,False,64.38665967358378,3166.28725
unobservable,1140008,msac-first-no-refit,msac-first,False,True,False,False,0.015037186980420012,151.32731109316188,28.67268890683812,0.49525536855809116,187,60,0,False,63.095406347331064,4078.305042
unobservable,1140008,msac-first-refit,msac-first,True,True,False,False,0.010074217334189273,90.05156392584664,89.94843607415336,1.4135285896541714,197,60,26,False,60.05287965132826,1594.27525
unobservable,1140008,scale-marginal-first-no-refit,scale-marginal-first,False,True,False,False,0.05699074007268513,87.37828851617293,87.37828851617293,1.3818238339565039,211,60,0,False,64.38665967358378,1069.701
unobservable,1140008,scale-marginal-first-refit,scale-marginal-first,True,True,False,False,0.03446967131281658,85.13400889709715,85.13400889709715,1.3531077941255212,201,60,26,False,61.12934570371493,1155.646083
unobservable,1140009,count-first-no-refit,count-first,False,True,False,False,0.10066965277958545,52.27618641139186,52.27618641139186,0.8811142905013036,223,60,0,False,78.36814322155695,861.229
unobservable,1140009,count-first-refit,count-first,True,True,False,False,0.06327858132381664,25.09000161612859,25.09000161612859,0.4339026043433966,227,60,24,False,62.016494239194,1027.967542
unobservable,1140009,msac-first-no-refit,msac-first,False,True,False,False,0.03199799101546059,68.14032382846713,68.14032382846713,1.1202207567808629,205,60,0,False,60.56092155667659,1174.969875
unobservable,1140009,msac-first-refit,msac-first,True,True,False,False,0.05854827496311827,25.181703019372282,25.181703019372282,0.4355618719320976,217,60,20,False,60.83464541308848,1193.3235
unobservable,1140009,scale-marginal-first-no-refit,scale-marginal-first,False,True,False,False,0.02895463149862829,48.187717668128464,48.187717668128464,0.8165028991690302,206,60,0,False,68.83776085986456,5640.268125
unobservable,1140009,scale-marginal-first-refit,scale-marginal-first,True,True,False,False,0.06327858132381664,25.09000161612859,25.09000161612859,0.4339026043433966,227,60,24,False,62.016494239194,8750.121125
unobservable,1140010,count-first-no-refit,count-first,False,True,False,False,0.09479559325256193,46.27978791802436,46.27978791802436,0.785977260319423,219,60,0,False,76.5543203899158,6598.8175
unobservable,1140010,count-first-refit,count-first,True,True,False,False,0.09479559325256193,46.27978791802436,46.27978791802436,0.785977260319423,219,60,22,False,76.5543203899158,3613.648042
unobservable,1140010,msac-first-no-refit,msac-first,False,True,False,False,0.04484123871097995,13.809812611917225,13.809812611917225,0.2405072939771331,213,60,0,False,67.59519016447317,3753.631167
unobservable,1140010,msac-first-refit,msac-first,True,True,False,False,0.02394087261388289,45.423223322613545,45.423223322613545,0.7720629894293374,208,60,19,False,66.16699185567415,3257.019917
unobservable,1140010,scale-marginal-first-no-refit,scale-marginal-first,False,True,False,False,0.04993585447288575,35.70288792702,35.70288792702,0.6128623281632982,217,60,0,False,68.46764961699978,1269.045041
unobservable,1140010,scale-marginal-first-refit,scale-marginal-first,True,True,False,False,0.04993585447288575,35.70288792702,35.70288792702,0.6128623281632982,217,60,14,False,68.46764961699978,1789.295416
unobservable,1140011,count-first-no-refit,count-first,False,True,False,False,0.08729017260393333,17.587931557361028,17.587931557361028,0.30583275939401694,214,60,0,False,85.55862717702443,1445.798209
unobservable,1140011,count-first-refit,count-first,True,True,False,False,0.08729017260393333,17.587931557361028,17.587931557361028,0.30583275939401694,214,60,54,False,85.55862717702443,1590.624667
unobservable,1140011,msac-first-no-refit,msac-first,False,True,False,False,0.08223555561247287,72.22746921440076,72.22746921440076,1.1783245841504018,203,60,0,False,66.05141255938833,1928.161125
unobservable,1140011,msac-first-refit,msac-first,True,True,False,False,0.012630683545644776,82.81914008819228,82.81914008819228,1.3229497982516965,196,60,76,False,61.104444028170654,11579.906791
unobservable,1140011,scale-marginal-first-no-refit,scale-marginal-first,False,True,False,False,0.04511951227932568,71.15174462526704,71.15174462526704,1.1633014579913323,205,60,0,False,65.60391982689717,8088.153125
unobservable,1140011,scale-marginal-first-refit,scale-marginal-first,True,True,False,False,0.027831756375367753,35.11068049609734,35.11068049609734,0.6032953476386558,205,60,66,False,64.55510963651622,5182.876083
unobservable,1140012,count-first-no-refit,count-first,False,True,False,False,0.03262678065174718,63.59895237338095,63.59895237338095,1.0538113908806195,214,60,0,False,76.4668203928968,3242.279833
unobservable,1140012,count-first-refit,count-first,True,True,False,False,0.030914972690386965,51.29965986449017,51.29965986449017,0.8658308808167376,213,60,21,False,64.9014988328273,3091.048333
unobservable,1140012,msac-first-no-refit,msac-first,False,True,False,False,0.028591501019321622,42.540858730908475,42.540858730908475,0.725320258533072,205,60,0,False,60.91773741487475,1231.708292
unobservable,1140012,msac-first-refit,msac-first,True,True,False,False,0.03518067265304701,32.301444593299266,32.301444593299266,0.5561016176912577,210,60,18,False,61.55203832470461,1275.524625
unobservable,1140012,scale-marginal-first-no-refit,scale-marginal-first,False,True,False,False,0.03262678065174718,63.59895237338095,63.59895237338095,1.0538113908806195,214,60,0,False,76.4668203928968,881.097209
unobservable,1140012,scale-marginal-first-refit,scale-marginal-first,True,True,False,False,0.030914972690386965,51.29965986449017,51.29965986449017,0.8658308808167376,213,60,21,False,64.9014988328273,797.6995
unobservable,1140013,count-first-no-refit,count-first,False,True,False,False,0.08410366739444401,52.89956160669207,52.89956160669207,0.8901879755856453,217,60,0,False,70.48722878731367,1171.719125
unobservable,1140013,count-first-refit,count-first,True,True,False,False,0.08410366739444401,52.89956160669207,52.89956160669207,0.8901879755856453,217,60,36,False,70.48722878731367,1569.195833
unobservable,1140013,msac-first-no-refit,msac-first,False,True,False,False,0.04198953206500366,26.432835603438,26.432835603438,0.4573181297451583,212,60,0,False,62.30378025182258,5687.757
unobservable,1140013,msac-first-refit,msac-first,True,True,False,False,0.016740334905769733,81.24759603931402,81.24759603931402,1.3022579980148314,204,60,22,False,61.93315277491635,10909.784666
unobservable,1140013,scale-marginal-first-no-refit,scale-marginal-first,False,True,False,False,0.08410366739444401,52.89956160669207,52.89956160669207,0.8901879755856453,217,60,0,False,70.48722878731367,6441.676375
unobservable,1140013,scale-marginal-first-refit,scale-marginal-first,True,True,False,False,0.016935137147210802,81.33425363331487,81.33425363331487,1.3034085149363992,205,60,22,False,61.996355983846954,4753.209834
unobservable,1140014,count-first-no-refit,count-first,False,True,False,False,0.17620176224737097,36.995222122379715,36.995222122379715,0.6342271103116858,219,60,0,False,83.8082878443701,2873.182458
unobservable,1140014,count-first-refit,count-first,True,True,False,False,0.17620176224737097,36.995222122379715,36.995222122379715,0.6342271103116858,219,60,14,False,83.8082878443701,1545.731167
unobservable,1140014,msac-first-no-refit,msac-first,False,True,False,False,0.012534179947227338,117.4463542933946,62.553645706605394,1.03837026604782,186,60,0,False,66.33658052730907,949.553958
unobservable,1140014,msac-first-refit,msac-first,True,True,False,False,0.02417626358079636,55.345809166353256,55.345809166353256,0.9286769408943154,199,60,24,False,64.4682052873802,1649.018042
unobservable,1140014,scale-marginal-first-no-refit,scale-marginal-first,False,True,False,False,0.07406906477217859,117.34706257306337,62.65293742693663,1.0396109829205182,203,60,0,False,70.4000505117286,1022.697083
unobservable,1140014,scale-marginal-first-refit,scale-marginal-first,True,True,False,False,0.013504624695857448,35.93720603300994,35.93720603300994,0.6169927145187567,210,60,20,False,67.19209182600603,908.411583
unobservable,1140015,count-first-no-refit,count-first,False,True,False,False,0.022156936612996257,44.84356137752003,44.84356137752003,0.7629758912248493,224,60,0,False,74.73102312409945,1201.773334
unobservable,1140015,count-first-refit,count-first,True,True,False,False,0.022156936612996257,44.84356137752003,44.84356137752003,0.7629758912248493,224,60,13,False,74.73102312409945,3215.724125
unobservable,1140015,msac-first-no-refit,msac-first,False,True,False,False,0.02569337081713481,100.00647729537883,79.99352270462117,1.2853433910008063,212,60,0,False,61.93667862853184,7725.319083
unobservable,1140015,msac-first-refit,msac-first,True,True,False,False,0.03439172744815027,97.16526386577992,82.83473613422008,1.3228676912437118,211,60,15,False,62.139427169179996,11083.815708
unobservable,1140015,scale-marginal-first-no-refit,scale-marginal-first,False,True,False,False,0.0369422255452113,35.95811642399838,35.95811642399838,0.6172661845935071,221,60,0,False,77.81469983601365,3698.410166
unobservable,1140015,scale-marginal-first-refit,scale-marginal-first,True,True,False,False,0.03439172744815027,97.16526386577992,82.83473613422008,1.3228676912437118,211,60,15,False,62.139427169179996,4997.665958
unobservable,1140016,count-first-no-refit,count-first,False,True,False,False,0.10674126428096056,51.44986229118024,51.44986229118024,0.8674078285951654,227,60,0,False,76.46914771431317,1492.8
unobservable,1140016,count-first-refit,count-first,True,True,False,False,0.10674126428096056,51.44986229118024,51.44986229118024,0.8674078285951654,227,60,16,False,76.46914771431317,1594.944375
unobservable,1140016,msac-first-no-refit,msac-first,False,True,False,False,0.039444490816358084,65.7628096510343,65.7628096510343,1.0855292381664579,193,60,0,False,70.02736788269013,835.5285
unobservable,1140016,msac-first-refit,msac-first,True,True,False,False,0.04061300418630234,67.61641192450318,67.61641192450318,1.1127115917662151,211,60,24,False,67.94675492459429,1003.202083
unobservable,1140016,scale-marginal-first-no-refit,scale-marginal-first,False,True,False,False,0.04653608526952017,62.566526977360006,62.566526977360006,1.038436192859424,204,60,0,False,68.32989969147184,1002.303625
unobservable,1140016,scale-marginal-first-refit,scale-marginal-first,True,True,False,False,0.04579146585689407,62.514081780426466,62.514081780426466,1.0376755094779135,205,60,24,False,68.18718520738445,1177.737791
unobservable,1140017,count-first-no-refit,count-first,False,True,False,False,0.13460988687289963,37.12495455336845,37.12495455336845,0.637387395626428,219,60,0,False,83.92757935701576,921.114417
unobservable,1140017,count-first-refit,count-first,True,True,False,False,0.13460988687289963,37.12495455336845,37.12495455336845,0.637387395626428,219,60,14,False,83.92757935701576,5031.486959
unobservable,1140017,msac-first-no-refit,msac-first,False,True,False,False,0.03803937372837059,33.896486867903505,33.896486867903505,0.5833135763425374,209,60,0,False,62.11002318231844,6811.077417
unobservable,1140017,msac-first-refit,msac-first,True,True,False,False,0.03803937372837059,33.896486867903505,33.896486867903505,0.5833135763425374,209,60,19,False,62.11002318231844,9892.835
unobservable,1140017,scale-marginal-first-no-refit,scale-marginal-first,False,True,False,False,0.03547539569675023,38.73349560024752,38.73349560024752,0.6633057938599274,211,60,0,False,66.6060478321377,6893.873167
unobservable,1140017,scale-marginal-first-refit,scale-marginal-first,True,True,False,False,0.02806456571131853,30.797925722618956,30.797925722618956,0.5311471477210957,212,60,30,False,66.33922006664471,3723.998
unobservable,1140018,count-first-no-refit,count-first,False,True,False,False,0.10580603333985986,113.8755628563076,66.1244371436924,1.090388347765036,218,60,0,False,72.65138875490378,949.00075
unobservable,1140018,count-first-refit,count-first,True,True,False,False,0.10580603333985986,113.8755628563076,66.1244371436924,1.090388347765036,218,60,18,False,72.65138875490378,1408.94425
unobservable,1140018,msac-first-no-refit,msac-first,False,True,False,False,0.024835509151540043,64.54996412494408,64.54996412494408,1.0679239762819293,197,60,0,False,59.01644107252308,1237.26725
unobservable,1140018,msac-first-refit,msac-first,True,True,False,False,0.030174805662717623,74.19303339362345,74.19303339362345,1.2061866641141172,204,60,16,False,58.17771546031031,1264.067667
unobservable,1140018,scale-marginal-first-no-refit,scale-marginal-first,False,True,False,False,0.028226049625944723,111.88400979516257,68.11599020483743,1.120047116477713,211,60,0,False,64.81191080138916,1342.876625
unobservable,1140018,scale-marginal-first-refit,scale-marginal-first,True,True,False,False,0.049625330131414264,79.61683728276314,79.61683728276314,1.2804582258378925,205,60,18,False,60.16611965180387,5440.152292
unobservable,1140019,count-first-no-refit,count-first,False,True,False,False,0.03745996344274806,12.147714452615517,12.147714452615517,0.21187359465965488,219,60,0,False,69.20504151350886,6295.222083
unobservable,1140019,count-first-refit,count-first,True,True,False,False,0.03745996344274806,12.147714452615517,12.147714452615517,0.21187359465965488,219,60,41,False,69.20504151350886,10510.450834
unobservable,1140019,msac-first-no-refit,msac-first,False,True,False,False,0.055406132374862284,51.215319795123506,51.215319795123506,0.864126447643593,211,60,0,False,62.88881800815912,5857.494125
unobservable,1140019,msac-first-refit,msac-first,True,True,False,False,0.024626282820847594,58.59715568195832,58.59715568195832,0.9787842205427804,209,60,37,False,61.889193559658295,4150.883166
unobservable,1140019,scale-marginal-first-no-refit,scale-marginal-first,False,True,False,False,0.054908125385221204,51.3087386903636,51.3087386903636,0.8656753064221163,214,60,0,False,63.201981363563085,1528.761417
unobservable,1140019,scale-marginal-first-refit,scale-marginal-first,True,True,False,False,0.054908125385221204,51.3087386903636,51.3087386903636,0.8656753064221163,214,60,52,False,63.201981363563085,1402.739625
weak-parallax-with-outliers,1150000,count-first-no-refit,count-first,False,True,False,False,0.1491630458120232,58.453200660787836,58.453200660787836,0.9769592375830436,203,60,0,False,88.55839207893595,816.4055
weak-parallax-with-outliers,1150000,count-first-refit,count-first,True,True,False,False,0.03968384321361144,58.07241224928794,58.07241224928794,0.9709521565274676,208,60,40,False,78.3269014638129,1171.587042
weak-parallax-with-outliers,1150000,msac-first-no-refit,msac-first,False,True,False,False,0.024402668586212428,23.35133450974871,23.35133450974871,0.4048231491586254,192,60,0,False,74.57671323301248,1168.494334
weak-parallax-with-outliers,1150000,msac-first-refit,msac-first,True,True,False,False,0.031449323125857645,70.59710792941242,70.59710792941242,1.1558804532200972,203,60,48,False,77.22547352380492,959.630667
weak-parallax-with-outliers,1150000,scale-marginal-first-no-refit,scale-marginal-first,False,True,False,False,0.0666341415105602,90.13015183498473,89.86984816501527,1.4129716034812996,197,60,0,False,86.9795225817821,3985.246834
weak-parallax-with-outliers,1150000,scale-marginal-first-refit,scale-marginal-first,True,True,False,False,0.03968384321361144,58.07241224928794,58.07241224928794,0.9709521565274676,208,60,40,False,78.3269014638129,12938.718
weak-parallax-with-outliers,1150001,count-first-no-refit,count-first,False,True,False,False,0.18549690385674103,79.25731243589719,79.25731243589719,1.2766716437429773,200,60,0,False,102.86892581543987,6799.222917
weak-parallax-with-outliers,1150001,count-first-refit,count-first,True,True,False,False,0.18549690385674103,79.25731243589719,79.25731243589719,1.2766716437429773,200,60,20,False,102.86892581543987,4959.236167
weak-parallax-with-outliers,1150001,msac-first-no-refit,msac-first,False,True,False,False,0.03616514586990566,75.02553469096416,75.02553469096416,1.2176529141875518,189,60,0,False,81.97996150738953,3140.975292
weak-parallax-with-outliers,1150001,msac-first-refit,msac-first,True,True,False,False,0.02132583314120598,73.09210552735921,73.09210552735921,1.1908670532888685,192,60,47,False,81.95128651336324,1659.601541
weak-parallax-with-outliers,1150001,scale-marginal-first-no-refit,scale-marginal-first,False,True,False,False,0.046404352074617024,75.18288008590336,75.18288008590336,1.2197417945769133,188,60,0,False,82.13815192295625,859.114125
weak-parallax-with-outliers,1150001,scale-marginal-first-refit,scale-marginal-first,True,True,False,False,0.02237513021738474,31.417001308229988,31.417001308229988,0.5416610287793726,195,60,55,False,86.3192810360629,925.83225
weak-parallax-with-outliers,1150002,count-first-no-refit,count-first,False,True,False,True,0.02957331116733008,7.642152413982038,7.642152413982038,0.133349722189633,212,60,0,False,85.2261807460635,823.199042
weak-parallax-with-outliers,1150002,count-first-refit,count-first,True,True,False,False,0.029292850920456432,22.069636211663887,22.069636211663887,0.38263083157337796,206,60,18,False,86.33247032104939,914.418875
weak-parallax-with-outliers,1150002,msac-first-no-refit,msac-first,False,True,False,False,0.05218780395298116,133.8871405134952,46.11285948650479,0.7836847410349352,164,60,0,False,85.78651717072447,901.190875
weak-parallax-with-outliers,1150002,msac-first-refit,msac-first,True,True,False,False,0.03339152420116198,20.647797417345064,20.647797417345064,0.35828347556750045,202,60,16,False,86.31359273258857,850.959208
weak-parallax-with-outliers,1150002,scale-marginal-first-no-refit,scale-marginal-first,False,True,False,True,0.021619233639867275,1.5806138428518417,1.5806138428518417,0.027406522926028052,212,60,0,False,82.57537396186679,992.403834
weak-parallax-with-outliers,1150002,scale-marginal-first-refit,scale-marginal-first,True,True,False,False,0.03945962777620059,22.699828975681367,22.699828975681367,0.39338960258781286,201,60,15,False,86.5374555949334,1053.016791
weak-parallax-with-outliers,1150003,count-first-no-refit,count-first,False,True,False,False,0.04016842942009211,35.326121245987494,35.326121245987494,0.6070696704887666,209,60,0,False,76.76168410978717,5334.255541
weak-parallax-with-outliers,1150003,count-first-refit,count-first,True,True,False,False,0.02685438881165073,39.759030997161986,39.759030997161986,0.6802870936633478,213,60,21,False,76.02541745779217,11696.412125
weak-parallax-with-outliers,1150003,msac-first-no-refit,msac-first,False,True,False,False,0.007807791043021175,36.6919874269377,36.6919874269377,0.6295299008932933,202,60,0,False,75.67957064672015,6842.744541
weak-parallax-with-outliers,1150003,msac-first-refit,msac-first,True,True,False,False,0.012836835713496994,35.68806604561593,35.68806604561593,0.6127711734715392,197,60,10,False,76.7798005416146,4764.114458
weak-parallax-with-outliers,1150003,scale-marginal-first-no-refit,scale-marginal-first,False,True,False,False,0.02786315066542618,58.075491835304504,58.075491835304504,0.9709773301344927,208,60,0,False,80.90652255283645,3900.81725
weak-parallax-with-outliers,1150003,scale-marginal-first-refit,scale-marginal-first,True,True,False,False,0.01983151757473666,27.666130688212355,27.666130688212355,0.4782442402993501,205,60,13,False,77.33150462608775,1875.425292
weak-parallax-with-outliers,1150004,count-first-no-refit,count-first,False,True,False,False,0.04469331482186562,70.47129258464398,70.47129258464398,1.154171715274741,201,60,0,False,83.25425918241532,1368.912666
weak-parallax-with-outliers,1150004,count-first-refit,count-first,True,True,False,False,0.025245144377126903,27.639926744200867,27.639926744200867,0.4778901769507092,213,60,19,False,81.96264485819515,1125.136417
weak-parallax-with-outliers,1150004,msac-first-no-refit,msac-first,False,True,False,False,0.0674539166728817,153.4486931575886,26.551306842411407,0.4593528386248535,169,60,0,False,83.47611210521436,851.540834
weak-parallax-with-outliers,1150004,msac-first-refit,msac-first,True,True,False,True,0.017894991175764135,4.189289420617927,4.189289420617927,0.07297775198167854,199,60,16,False,79.449682385858,832.101458
weak-parallax-with-outliers,1150004,scale-marginal-first-no-refit,scale-marginal-first,False,True,False,False,0.039538656761989546,95.63773252029242,84.36226747970758,1.343186752143366,188,60,0,False,87.8553884783374,952.071875
weak-parallax-with-outliers,1150004,scale-marginal-first-refit,scale-marginal-first,True,True,False,False,0.022309251080023112,15.732799467745494,15.732799467745494,0.27358843519185455,201,60,22,False,82.15912671986983,997.836208
weak-parallax-with-outliers,1150005,count-first-no-refit,count-first,False,True,False,False,0.0922303201471087,60.193391658447894,60.193391658447894,1.0026756039995097,209,60,0,False,87.15128185012153,908.9505
weak-parallax-with-outliers,1150005,count-first-refit,count-first,True,True,False,False,0.031661080991748906,55.0291488723217,55.0291488723217,0.9237049443957907,209,60,16,False,82.89006688505414,3697.540458
weak-parallax-with-outliers,1150005,msac-first-no-refit,msac-first,False,True,False,False,0.03297304980617255,115.76363217541997,64.23636782458003,1.0631921175966172,176,60,0,False,85.82908094972024,9227.263875
weak-parallax-with-outliers,1150005,msac-first-refit,msac-first,True,True,False,False,0.031714760198629025,93.11556497794342,86.88443502205658,1.3750756333476606,190,60,14,False,80.18291862493138,8724.0175
weak-parallax-with-outliers,1150005,scale-marginal-first-no-refit,scale-marginal-first,False,True,False,False,0.054935217234332756,90.95962430478697,89.04037569521303,1.402549534259147,198,60,0,False,91.7142161498443,3429.13975
weak-parallax-with-outliers,1150005,scale-marginal-first-refit,scale-marginal-first,True,True,False,False,0.054935217234332756,90.95962430478697,89.04037569521303,1.402549534259147,198,60,16,False,91.7142161498443,4646.166709
weak-parallax-with-outliers,1150006,count-first-no-refit,count-first,False,True,False,False,0.08963805675655727,21.458355963021937,21.458355963021937,0.37304950712677015,209,60,0,False,89.46780184208802,2522.959208
weak-parallax-with-outliers,1150006,count-first-refit,count-first,True,True,False,False,0.08963805675655727,21.458355963021937,21.458355963021937,0.37304950712677015,209,60,18,False,89.46780184208802,1087.188959
weak-parallax-with-outliers,1150006,msac-first-no-refit,msac-first,False,True,False,False,0.027568337104681966,87.68646734528929,87.68646734528929,1.3854973830844832,202,60,0,False,80.28499147641165,812.711666
weak-parallax-with-outliers,1150006,msac-first-refit,msac-first,True,True,False,False,0.022027102155998266,82.46604455473195,82.46604455473195,1.3183730441639652,201,60,16,False,78.9140654070809,844.540459
weak-parallax-with-outliers,1150006,scale-marginal-first-no-refit,scale-marginal-first,False,True,False,False,0.012263321094125215,15.806895424910728,15.806895424910728,0.2750953931731422,204,60,0,False,80.97180755394803,866.655208
weak-parallax-with-outliers,1150006,scale-marginal-first-refit,scale-marginal-first,True,True,False,False,0.034194079937210124,88.88121093460526,88.88121093460526,1.4005423059455673,201,60,16,False,81.18631565752574,866.315584
weak-parallax-with-outliers,1150007,count-first-no-refit,count-first,False,True,False,False,0.04661387074859869,27.083086920871004,27.083086920871004,0.46815792853061977,208,60,0,False,84.96134797565966,866.783125
weak-parallax-with-outliers,1150007,count-first-refit,count-first,True,True,False,True,0.03435070792289327,2.15155550393233,2.15155550393233,0.03750728341579131,216,60,14,False,80.8614804443763,1052.160625
weak-parallax-with-outliers,1150007,msac-first-no-refit,msac-first,False,True,False,False,0.021797521820400637,82.632592456489,82.632592456489,1.320573478633291,187,60,0,False,81.85853683774444,1035.62425
weak-parallax-with-outliers,1150007,msac-first-refit,msac-first,True,True,False,True,0.019202706837626433,2.162748530170772,2.162748530170772,0.03769673075211752,211,60,19,False,80.62468589087123,795.51425
weak-parallax-with-outliers,1150007,scale-marginal-first-no-refit,scale-marginal-first,False,True,False,False,0.022916734915077053,48.228329238093345,48.228329238093345,0.8172566914298222,200,60,0,False,85.7873311278182,801.549958
weak-parallax-with-outliers,1150007,scale-marginal-first-refit,scale-marginal-first,True,True,False,True,0.03435070792289327,2.15155550393233,2.15155550393233,0.03750728341579131,216,60,14,False,80.8614804443763,5391.297291
weak-parallax-with-outliers,1150008,count-first-no-refit,count-first,False,True,False,False,0.119899435322163,60.00826073088815,60.00826073088815,1.0007989914068143,200,60,0,False,89.63223163142703,8427.544084
weak-parallax-with-outliers,1150008,count-first-refit,count-first,True,True,False,False,0.032795250878227565,22.97891417568382,22.97891417568382,0.39815876444348425,201,60,14,False,82.87808859848795,8342.501834
weak-parallax-with-outliers,1150008,msac-first-no-refit,msac-first,False,True,False,False,0.03484352943656832,88.27616429467949,88.27616429467949,1.3929927019657808,187,60,0,False,82.84907924913209,4491.924583
weak-parallax-with-outliers,1150008,msac-first-refit,msac-first,True,True,False,False,0.03227511484136326,19.960638288200556,19.960638288200556,0.3464289191803242,198,60,14,False,82.78072016173266,3821.04975
weak-parallax-with-outliers,1150008,scale-marginal-first-no-refit,scale-marginal-first,False,True,False,False,0.05567368654788326,100.4164041499853,79.5835958500147,1.2797178936939395,191,60,0,False,82.00312247697576,1607.371083
weak-parallax-with-outliers,1150008,scale-marginal-first-refit,scale-marginal-first,True,True,False,False,0.032795250878227565,22.97891417568382,22.97891417568382,0.39815876444348425,201,60,14,False,82.87808859848795,831.342209
weak-parallax-with-outliers,1150009,count-first-no-refit,count-first,False,True,False,False,0.031214199422961896,38.72440775637736,38.72440775637736,0.6631441840902872,204,60,0,False,91.08641680894772,870.039583
weak-parallax-with-outliers,1150009,count-first-refit,count-first,True,True,False,False,0.031214199422961896,38.72440775637736,38.72440775637736,0.6631441840902872,204,60,29,False,91.08641680894772,1500.816
weak-parallax-with-outliers,1150009,msac-first-no-refit,msac-first,False,True,False,False,0.009270745326498934,63.494972490843004,63.494972490843004,1.0523537950035302,192,60,0,False,80.820327505313,895.502791
weak-parallax-with-outliers,1150009,msac-first-refit,msac-first,True,True,False,False,0.019977855844060588,63.35019928895189,63.35019928895189,1.0500565151307168,194,60,32,False,80.29665180373294,842.84875
weak-parallax-with-outliers,1150009,scale-marginal-first-no-refit,scale-marginal-first,False,True,False,False,0.0313316115691316,32.86559451180055,32.86559451180055,0.5657571936092749,192,60,0,False,89.57648855737662,838.368916
weak-parallax-with-outliers,1150009,scale-marginal-first-refit,scale-marginal-first,True,True,False,False,0.031214199422961896,38.72440775637736,38.72440775637736,0.6631441840902872,204,60,29,False,91.08641680894772,1147.734042
weak-parallax-with-outliers,1150010,count-first-no-refit,count-first,False,True,False,False,0.020987823984249903,41.153525680114726,41.153525680114726,0.7029554258705285,206,60,0,False,95.74450796390684,918.525792
weak-parallax-with-outliers,1150010,count-first-refit,count-first,True,True,False,False,0.020987823984249903,41.153525680114726,41.153525680114726,0.7029554258705285,206,60,16,False,95.74450796390684,2363.060042
weak-parallax-with-outliers,1150010,msac-first-no-refit,msac-first,False,True,False,False,0.014108407448602278,124.48260027291006,55.51739972708994,0.9315679841556387,180,60,0,False,77.0928430400325,7674.087208
weak-parallax-with-outliers,1150010,msac-first-refit,msac-first,True,True,False,False,0.03254675858501732,114.91248024453601,65.08751975546399,1.0759337051165685,184,60,15,False,74.43862573827431,9996.764917
weak-parallax-with-outliers,1150010,scale-marginal-first-no-refit,scale-marginal-first,False,True,False,False,0.03631090338659941,76.96726161908244,76.96726161908244,1.244431019087193,197,60,0,False,86.2863492470881,4574.24475
weak-parallax-with-outliers,1150010,scale-marginal-first-refit,scale-marginal-first,True,True,False,False,0.04743254111092366,86.653630231595,86.653630231595,1.3725707725156797,195,60,15,False,81.06921245375683,4747.839917
weak-parallax-with-outliers,1150011,count-first-no-refit,count-first,False,True,False,False,0.09337237682456703,151.7015823001711,28.29841769982889,0.4889429220868118,193,60,0,False,98.82727476191204,3178.398792
weak-parallax-with-outliers,1150011,count-first-refit,count-first,True,True,False,False,0.027786231261319842,146.96562395981547,33.034376040184526,0.5688028887277706,193,60,19,False,85.6260167776914,1386.845166
weak-parallax-with-outliers,1150011,msac-first-no-refit,msac-first,False,True,False,False,0.031691001832351365,88.45719661098892,88.45719661098892,1.394987363291846,184,60,0,False,84.49889436784247,1177.189542
weak-parallax-with-outliers,1150011,msac-first-refit,msac-first,True,True,False,False,0.03223885457678565,145.6357918681935,34.36420813180649,0.5910397010831477,187,60,18,False,85.53248950694838,813.44025
weak-parallax-with-outliers,1150011,scale-marginal-first-no-refit,scale-marginal-first,False,True,False,False,0.03698696410520097,91.24650362981477,88.75349637018523,1.3987923927766726,191,60,0,False,84.87675668316189,914.045167
weak-parallax-with-outliers,1150011,scale-marginal-first-refit,scale-marginal-first,True,True,False,False,0.027786231261319842,146.96562395981547,33.034376040184526,0.5688028887277706,193,60,19,False,85.6260167776914,843.216625
weak-parallax-with-outliers,1150012,count-first-no-refit,count-first,False,True,False,False,0.12372425972413609,50.75305314003747,50.75305314003747,0.8580607148490565,218,60,0,False,89.27763849765476,911.686375
weak-parallax-with-outliers,1150012,count-first-refit,count-first,True,True,False,False,0.12372425972413609,50.75305314003747,50.75305314003747,0.8580607148490565,218,60,43,False,89.27763849765476,1351.743167
weak-parallax-with-outliers,1150012,msac-first-no-refit,msac-first,False,True,False,False,0.018428292768426707,150.4983699745802,29.501630025419786,0.5092704235387703,172,60,0,False,84.7272601129023,981.125625
weak-parallax-with-outliers,1150012,msac-first-refit,msac-first,True,True,False,False,0.024865861670481382,59.69063178324639,59.69063178324639,0.9953287929713768,185,60,44,False,79.93511683996788,2312.017083
weak-parallax-with-outliers,1150012,scale-marginal-first-no-refit,scale-marginal-first,False,True,False,False,0.10054193211001916,44.28492943681463,44.28492943681463,0.7541023173629009,194,60,0,False,86.95857835807867,8277.299375
weak-parallax-with-outliers,1150012,scale-marginal-first-refit,scale-marginal-first,True,True,False,False,0.10054193211001916,44.28492943681463,44.28492943681463,0.7541023173629009,194,60,82,False,86.95857835807867,13850.644625
weak-parallax-with-outliers,1150013,count-first-no-refit,count-first,False,True,False,False,0.18200312921699835,82.17758315297672,82.17758315297672,1.3149088605063366,205,60,0,False,102.03294135204908,2457.268417
weak-parallax-with-outliers,1150013,count-first-refit,count-first,True,True,False,False,0.18200312921699835,82.17758315297672,82.17758315297672,1.3149088605063366,205,60,28,False,102.03294135204908,4331.569417
weak-parallax-with-outliers,1150013,msac-first-no-refit,msac-first,False,True,False,False,0.014578686979334675,43.46335773431825,43.46335773431825,0.740462581729143,204,60,0,False,79.41123399248147,1527.100917
weak-parallax-with-outliers,1150013,msac-first-refit,msac-first,True,True,False,False,0.04161179022172359,40.038522768598504,40.038522768598504,0.6846859072184303,200,60,19,False,80.87984379453201,911.381333
weak-parallax-with-outliers,1150013,scale-marginal-first-no-refit,scale-marginal-first,False,True,False,False,0.03939106006123747,13.202153277136347,13.202153277136347,0.2297625758195369,212,60,0,False,83.09828395414641,924.49225
weak-parallax-with-outliers,1150013,scale-marginal-first-refit,scale-marginal-first,True,True,False,False,0.035293446977743954,41.90285794613426,41.90285794613426,0.715100612297331,198,60,20,False,81.90446827454042,894.455792
weak-parallax-with-outliers,1150014,count-first-no-refit,count-first,False,True,False,False,0.09208523241707363,20.991804118184746,20.991804118184746,0.36450155499432485,202,60,0,False,90.33744814558136,800.090833
weak-parallax-with-outliers,1150014,count-first-refit,count-first,True,True,False,False,0.04909362585445104,46.77566817786854,46.77566817786854,0.7942544783645658,203,60,34,False,89.70087231476802,1120.809458
weak-parallax-with-outliers,1150014,msac-first-no-refit,msac-first,False,True,False,False,0.04895992672008566,21.31457681338759,21.31457681338759,0.36991703501827355,203,60,0,False,88.57924545691779,809.695542
weak-parallax-with-outliers,1150014,msac-first-refit,msac-first,True,True,False,False,0.03799907056087777,18.94538373061561,18.94538373061561,0.3294598355123289,192,60,22,False,85.96519399536491,959.802084
weak-parallax-with-outliers,1150014,scale-marginal-first-no-refit,scale-marginal-first,False,True,False,False,0.050007326240496607,21.351078378091398,21.351078378091398,0.37051960823782276,204,60,0,False,88.58217222010992,802.602875
weak-parallax-with-outliers,1150014,scale-marginal-first-refit,scale-marginal-first,True,True,False,False,0.07720828285655554,37.39367838708353,37.39367838708353,0.6416774321845945,199,60,31,False,91.55996314887837,972.984
weak-parallax-with-outliers,1150015,count-first-no-refit,count-first,False,True,False,False,0.152015763811476,80.91437557298575,80.91437557298575,1.296761510808854,198,60,0,False,92.92997188070433,8120.446292
weak-parallax-with-outliers,1150015,count-first-refit,count-first,True,True,False,True,0.06769682748395221,4.207598085208028,4.207598085208028,0.07390663174663063,198,60,23,False,86.48418068371407,12279.336792
weak-parallax-with-outliers,1150015,msac-first-no-refit,msac-first,False,True,False,False,0.058856679510695405,120.45889569275076,59.54110430724924,0.9926764448510442,192,60,0,False,84.20054548033843,4249.221958
weak-parallax-with-outliers,1150015,msac-first-refit,msac-first,True,True,False,False,0.03535292947768844,133.82736953081715,46.17263046918285,0.7839798650588427,186,60,17,False,81.71611127037457,4348.3085
weak-parallax-with-outliers,1150015,scale-marginal-first-no-refit,scale-marginal-first,False,True,False,False,0.06908950617743638,121.74037033108104,58.25962966891896,0.9731083951601867,188,60,0,False,85.35098700980139,2306.66525
weak-parallax-with-outliers,1150015,scale-marginal-first-refit,scale-marginal-first,True,True,False,False,0.02760464629291678,148.39424144200802,31.605758557991976,0.5444687773731816,191,60,15,False,84.77906225739136,1173.878958
weak-parallax-with-outliers,1150016,count-first-no-refit,count-first,False,True,False,False,0.12978778235119345,17.407538589090997,17.407538589090997,0.3032825285398886,199,60,0,False,96.53014621939565,883.231625
weak-parallax-with-outliers,1150016,count-first-refit,count-first,True,True,False,False,0.12978778235119345,17.407538589090997,17.407538589090997,0.3032825285398886,199,60,12,False,96.53014621939565,903.003125
weak-parallax-with-outliers,1150016,msac-first-no-refit,msac-first,False,True,False,False,0.05904661330628676,64.99498216553891,64.99498216553891,1.0748743409195616,193,60,0,False,76.38106440284383,1085.888583
weak-parallax-with-outliers,1150016,msac-first-refit,msac-first,True,True,False,False,0.033713739636703245,61.0671378868429,61.0671378868429,1.0163008432520453,198,60,10,False,76.84852698401549,1015.60925
weak-parallax-with-outliers,1150016,scale-marginal-first-no-refit,scale-marginal-first,False,True,False,False,0.08955313246205109,72.04899254648892,72.04899254648892,1.1757403876597743,194,60,0,False,81.01105618147801,896.330292
weak-parallax-with-outliers,1150016,scale-marginal-first-refit,scale-marginal-first,True,True,False,False,0.043688097283508844,64.75781521717408,64.75781521717408,1.0713152219233595,197,60,9,False,77.39438153391572,935.307708
weak-parallax-with-outliers,1150017,count-first-no-refit,count-first,False,True,False,False,0.13835407787251425,132.68701191987375,47.312988080126246,0.8014703188700486,204,60,0,False,94.77572845616723,1444.745209
weak-parallax-with-outliers,1150017,count-first-refit,count-first,True,True,False,False,0.13835407787251425,132.68701191987375,47.312988080126246,0.8014703188700486,204,60,44,False,94.77572845616723,16112.960125
weak-parallax-with-outliers,1150017,msac-first-no-refit,msac-first,False,True,False,False,0.027405130771041817,70.64597118914186,70.64597118914186,1.156387284088753,193,60,0,False,82.2995036143945,7034.85675
weak-parallax-with-outliers,1150017,msac-first-refit,msac-first,True,True,False,False,0.03237615078743858,53.97354338137049,53.97354338137049,0.9077640370920536,191,60,29,False,81.67160085910446,4857.391209
weak-parallax-with-outliers,1150017,scale-marginal-first-no-refit,scale-marginal-first,False,True,False,False,0.08847668785118482,156.76400437646106,23.23599562353894,0.4035053085667453,184,60,0,False,89.78239492761607,3352.427958
weak-parallax-with-outliers,1150017,scale-marginal-first-refit,scale-marginal-first,True,True,False,False,0.03580241659069488,74.31219603496548,74.31219603496548,1.2082217363133863,197,60,22,False,84.4202348210606,1823.668708
weak-parallax-with-outliers,1150018,count-first-no-refit,count-first,False,True,False,False,0.06307851648886982,113.53636421767486,66.46363578232514,1.0957610180399375,202,60,0,False,95.33404666374028,1213.30125
weak-parallax-with-outliers,1150018,count-first-refit,count-first,True,True,False,False,0.041373687933250025,38.95166584231457,38.95166584231457,0.6671327679270446,204,60,29,False,84.78623029404858,2333.581709
weak-parallax-with-outliers,1150018,msac-first-no-refit,msac-first,False,True,False,False,0.012538214929138347,52.99433722051418,52.99433722051418,0.8923496808322244,192,60,0,False,85.60414442829419,913.571625
weak-parallax-with-outliers,1150018,msac-first-refit,msac-first,True,True,False,False,0.032637354954531655,56.319193805228295,56.319193805228295,0.9440393445932806,183,60,24,False,84.87989196857883,1137.428542
weak-parallax-with-outliers,1150018,scale-marginal-first-no-refit,scale-marginal-first,False,True,False,False,0.04333229793533582,47.98849796545889,47.98849796545889,0.8134633023938975,200,60,0,False,86.76554201717892,986.243834
weak-parallax-with-outliers,1150018,scale-marginal-first-refit,scale-marginal-first,True,True,False,False,0.040659602965101335,53.859601723687426,53.859601723687426,0.906077401983227,190,60,33,False,86.20604439217456,1126.252583
weak-parallax-with-outliers,1150019,count-first-no-refit,count-first,False,True,False,False,0.0765745230453037,49.93992300466851,49.93992300466851,0.8442944815712382,196,60,0,False,90.58839819178685,6730.576625
weak-parallax-with-outliers,1150019,count-first-refit,count-first,True,True,False,False,0.02932276314165209,26.638811803344463,26.638811803344463,0.4607340074286962,205,60,77,False,86.43109806085953,11021.218708
weak-parallax-with-outliers,1150019,msac-first-no-refit,msac-first,False,True,False,False,0.019673707396357692,65.90017307519076,65.90017307519076,1.0878841958922032,181,60,0,False,85.74050574892563,5451.939125
weak-parallax-with-outliers,1150019,msac-first-refit,msac-first,True,True,False,False,0.03833135851264944,25.050013029186857,25.050013029186857,0.43402039748809007,198,60,91,False,80.70929825990967,7106.560291
weak-parallax-with-outliers,1150019,scale-marginal-first-no-refit,scale-marginal-first,False,True,False,False,0.02660431097297214,42.464408542697825,42.464408542697825,0.7242846132951267,190,60,0,False,84.48773839390714,1379.787459
weak-parallax-with-outliers,1150019,scale-marginal-first-refit,scale-marginal-first,True,True,False,True,0.043058727821899956,9.098854615094512,9.098854615094512,0.1586763453619599,196,60,74,False,84.61365845039774,1447.842959
